Order Date,units_sold
1/1/2010,6097491
1/1/2011,6188793
1/1/2012,6100228
1/1/2013,6193306
1/1/2014,5952436
1/1/2015,6088339
1/1/2016,5990528
1/1/2017,6063847
1/1/2018,6040719
1/1/2019,5910444
1/1/2020,6098387
1/10/2010,6051531
1/10/2011,6138457
1/10/2012,6083077
1/10/2013,6121175
1/10/2014,5943195
1/10/2015,6054907
1/10/2016,6006456
1/10/2017,6198652
1/10/2018,6031236
1/10/2019,6263671
1/10/2020,6069950
1/11/2010,6218487
1/11/2011,6104211
1/11/2012,6054862
1/11/2013,6176155
1/11/2014,6056638
1/11/2015,6057855
1/11/2016,5950733
1/11/2017,6208464
1/11/2018,5976874
1/11/2019,6227374
1/11/2020,5984784
1/12/2010,6045857
1/12/2011,6127531
1/12/2012,6015202
1/12/2013,5908456
1/12/2014,6098455
1/12/2015,6038590
1/12/2016,6080282
1/12/2017,6195548
1/12/2018,6229146
1/12/2019,6093562
1/12/2020,6018384
1/13/2010,6117786
1/13/2011,6111477
1/13/2012,6226599
1/13/2013,6032080
1/13/2014,6126662
1/13/2015,6182122
1/13/2016,6039485
1/13/2017,6154782
1/13/2018,6140069
1/13/2019,5965342
1/13/2020,6196847
1/14/2010,5979078
1/14/2011,6156471
1/14/2012,6011977
1/14/2013,6163944
1/14/2014,6135018
1/14/2015,6110788
1/14/2016,6190467
1/14/2017,6174403
1/14/2018,5978270
1/14/2019,6019202
1/14/2020,6078457
1/15/2010,6126656
1/15/2011,6103449
1/15/2012,6164348
1/15/2013,6113893
1/15/2014,6085121
1/15/2015,6095110
1/15/2016,6158178
1/15/2017,5908959
1/15/2018,6119119
1/15/2019,6056266
1/15/2020,6173219
1/16/2010,6013349
1/16/2011,6078174
1/16/2012,6145190
1/16/2013,6148674
1/16/2014,6137407
1/16/2015,5983200
1/16/2016,6121523
1/16/2017,5949653
1/16/2018,6224249
1/16/2019,6067175
1/16/2020,6165737
1/17/2010,6107520
1/17/2011,6152715
1/17/2012,6049462
1/17/2013,6000862
1/17/2014,6099029
1/17/2015,5964688
1/17/2016,6076941
1/17/2017,6120239
1/17/2018,6159919
1/17/2019,6098344
1/17/2020,6142128
1/18/2010,6070835
1/18/2011,6103684
1/18/2012,6137310
1/18/2013,6190293
1/18/2014,6086630
1/18/2015,5975001
1/18/2016,6089020
1/18/2017,5986896
1/18/2018,6083008
1/18/2019,6155933
1/18/2020,6057619
1/19/2010,6140150
1/19/2011,6033804
1/19/2012,6051162
1/19/2013,6084148
1/19/2014,6075678
1/19/2015,5968872
1/19/2016,6234266
1/19/2017,6170984
1/19/2018,6066012
1/19/2019,6162496
1/19/2020,5869950
1/2/2010,5958230
1/2/2011,6139248
1/2/2012,6198026
1/2/2013,6182044
1/2/2014,6004761
1/2/2015,6173722
1/2/2016,6051043
1/2/2017,5878859
1/2/2018,6102622
1/2/2019,6149022
1/2/2020,6085643
1/20/2010,6021985
1/20/2011,6105293
1/20/2012,6022054
1/20/2013,6066352
1/20/2014,6165982
1/20/2015,6213111
1/20/2016,6026193
1/20/2017,6076202
1/20/2018,6033874
1/20/2019,6071898
1/20/2020,5962232
1/21/2010,6159909
1/21/2011,6063042
1/21/2012,6095082
1/21/2013,6124724
1/21/2014,6087405
1/21/2015,6085749
1/21/2016,6105010
1/21/2017,6152856
1/21/2018,6006709
1/21/2019,6163020
1/21/2020,6157585
1/22/2010,6184842
1/22/2011,6078834
1/22/2012,6135236
1/22/2013,6141705
1/22/2014,6051500
1/22/2015,6138758
1/22/2016,6112508
1/22/2017,6034576
1/22/2018,6027327
1/22/2019,6136804
1/22/2020,6073218
1/23/2010,6057046
1/23/2011,6055161
1/23/2012,6124144
1/23/2013,6051568
1/23/2014,6038672
1/23/2015,6073057
1/23/2016,6005256
1/23/2017,6201933
1/23/2018,6100346
1/23/2019,6112124
1/23/2020,6139513
1/24/2010,6188136
1/24/2011,6139184
1/24/2012,6088785
1/24/2013,6141894
1/24/2014,5992942
1/24/2015,6083831
1/24/2016,6062604
1/24/2017,5995335
1/24/2018,6055188
1/24/2019,6074465
1/24/2020,6047701
1/25/2010,6110142
1/25/2011,6127626
1/25/2012,6135553
1/25/2013,6133655
1/25/2014,6107627
1/25/2015,6211658
1/25/2016,6146213
1/25/2017,6288171
1/25/2018,6039843
1/25/2019,6048962
1/25/2020,6106208
1/26/2010,6087197
1/26/2011,6113394
1/26/2012,6097128
1/26/2013,6022462
1/26/2014,6138235
1/26/2015,6125591
1/26/2016,6151138
1/26/2017,5981060
1/26/2018,6054718
1/26/2019,6066995
1/26/2020,6101959
1/27/2010,6057872
1/27/2011,6300764
1/27/2012,6016704
1/27/2013,6155879
1/27/2014,6091484
1/27/2015,6225075
1/27/2016,6191856
1/27/2017,6064519
1/27/2018,6033701
1/27/2019,6060715
1/27/2020,6141702
1/28/2010,6105319
1/28/2011,6140266
1/28/2012,6043043
1/28/2013,6133175
1/28/2014,6119183
1/28/2015,6014942
1/28/2016,6098506
1/28/2017,6068228
1/28/2018,6182140
1/28/2019,6087435
1/28/2020,6127233
1/29/2010,6176589
1/29/2011,6106770
1/29/2012,6030593
1/29/2013,6122571
1/29/2014,6087719
1/29/2015,6103990
1/29/2016,6090938
1/29/2017,6055560
1/29/2018,6160026
1/29/2019,6030966
1/29/2020,6130351
1/3/2010,6147810
1/3/2011,6187912
1/3/2012,6055777
1/3/2013,6140096
1/3/2014,6147353
1/3/2015,6096301
1/3/2016,6116002
1/3/2017,6121676
1/3/2018,6077850
1/3/2019,5944202
1/3/2020,6199079
1/30/2010,6154092
1/30/2011,6109882
1/30/2012,6071403
1/30/2013,5975250
1/30/2014,6157884
1/30/2015,5988661
1/30/2016,6214670
1/30/2017,6028727
1/30/2018,6027730
1/30/2019,6111030
1/30/2020,6097908
1/31/2010,6152269
1/31/2011,6089888
1/31/2012,6065321
1/31/2013,6103449
1/31/2014,6172283
1/31/2015,6161936
1/31/2016,6047323
1/31/2017,6012614
1/31/2018,5989969
1/31/2019,6073900
1/31/2020,5968709
1/4/2010,5977240
1/4/2011,6204774
1/4/2012,6112373
1/4/2013,6147971
1/4/2014,6153056
1/4/2015,6139731
1/4/2016,6056161
1/4/2017,6073286
1/4/2018,6124951
1/4/2019,6071597
1/4/2020,6313210
1/5/2010,6094726
1/5/2011,6089721
1/5/2012,6207457
1/5/2013,6007029
1/5/2014,6193140
1/5/2015,6068239
1/5/2016,6041609
1/5/2017,5982375
1/5/2018,6171361
1/5/2019,6141924
1/5/2020,6209447
1/6/2010,6094676
1/6/2011,6111794
1/6/2012,6034192
1/6/2013,5994714
1/6/2014,6189931
1/6/2015,5969518
1/6/2016,6037564
1/6/2017,6077738
1/6/2018,6144984
1/6/2019,6149151
1/6/2020,6115799
1/7/2010,6106905
1/7/2011,6151110
1/7/2012,6221180
1/7/2013,6195553
1/7/2014,6233111
1/7/2015,6091908
1/7/2016,6046592
1/7/2017,6048054
1/7/2018,6108626
1/7/2019,6106499
1/7/2020,6150028
1/8/2010,6204743
1/8/2011,5990824
1/8/2012,6184980
1/8/2013,6055453
1/8/2014,6180336
1/8/2015,6136588
1/8/2016,6079947
1/8/2017,6072028
1/8/2018,5949442
1/8/2019,6190412
1/8/2020,6092088
1/9/2010,6144043
1/9/2011,6030679
1/9/2012,6043763
1/9/2013,6107377
1/9/2014,6087691
1/9/2015,6086351
1/9/2016,6019404
1/9/2017,6101037
1/9/2018,6110959
1/9/2019,6162911
1/9/2020,6051016
10/1/2010,6068672
10/1/2011,6124224
10/1/2012,6037344
10/1/2013,6146536
10/1/2014,6160803
10/1/2015,6121236
10/1/2016,6151754
10/1/2017,5958306
10/1/2018,6260191
10/1/2019,6085840
10/10/2010,6180792
10/10/2011,6088746
10/10/2012,6029493
10/10/2013,6022058
10/10/2014,6081818
10/10/2015,6170312
10/10/2016,6100328
10/10/2017,6060162
10/10/2018,6065011
10/10/2019,6105745
10/11/2010,6097739
10/11/2011,6136703
10/11/2012,6040814
10/11/2013,6130056
10/11/2014,5942334
10/11/2015,6137654
10/11/2016,6075444
10/11/2017,6140162
10/11/2018,6160689
10/11/2019,6263464
10/12/2010,6050392
10/12/2011,6021610
10/12/2012,6182760
10/12/2013,6095781
10/12/2014,6004226
10/12/2015,6117430
10/12/2016,6094345
10/12/2017,5994957
10/12/2018,6095057
10/12/2019,6026524
10/13/2010,6019942
10/13/2011,6150109
10/13/2012,6043909
10/13/2013,6213367
10/13/2014,6317097
10/13/2015,6078889
10/13/2016,6183485
10/13/2017,6055349
10/13/2018,6229975
10/13/2019,6102780
10/14/2010,6085969
10/14/2011,6235843
10/14/2012,6005791
10/14/2013,6174245
10/14/2014,6117692
10/14/2015,6085982
10/14/2016,6076817
10/14/2017,6042580
10/14/2018,6163057
10/14/2019,6056737
10/15/2010,6097456
10/15/2011,6013920
10/15/2012,6149974
10/15/2013,6121794
10/15/2014,6081176
10/15/2015,6047611
10/15/2016,6073399
10/15/2017,6002142
10/15/2018,6041696
10/15/2019,6149918
10/16/2010,6063656
10/16/2011,6189279
10/16/2012,6096829
10/16/2013,5929795
10/16/2014,6101140
10/16/2015,5969719
10/16/2016,6030469
10/16/2017,6067242
10/16/2018,6153446
10/16/2019,6119428
10/17/2010,6020771
10/17/2011,6100867
10/17/2012,6018928
10/17/2013,6092421
10/17/2014,6155672
10/17/2015,6051854
10/17/2016,6056380
10/17/2017,6128666
10/17/2018,6092218
10/17/2019,6159103
10/18/2010,6127561
10/18/2011,6021456
10/18/2012,6172088
10/18/2013,6033979
10/18/2014,6207543
10/18/2015,6127115
10/18/2016,6125622
10/18/2017,6058961
10/18/2018,6094593
10/18/2019,6172034
10/19/2010,6026568
10/19/2011,6158388
10/19/2012,6113938
10/19/2013,6051671
10/19/2014,6247797
10/19/2015,6177835
10/19/2016,5933199
10/19/2017,6190973
10/19/2018,6154305
10/19/2019,6255454
10/2/2010,6096269
10/2/2011,6127040
10/2/2012,6079187
10/2/2013,6229397
10/2/2014,6011642
10/2/2015,6036591
10/2/2016,6186761
10/2/2017,6043942
10/2/2018,6070261
10/2/2019,6140026
10/20/2010,6047522
10/20/2011,6177706
10/20/2012,6115345
10/20/2013,6149335
10/20/2014,6066183
10/20/2015,6162836
10/20/2016,6001789
10/20/2017,6141543
10/20/2018,6128136
10/20/2019,6147294
10/21/2010,6185481
10/21/2011,6062411
10/21/2012,6194939
10/21/2013,6009069
10/21/2014,6018074
10/21/2015,6048145
10/21/2016,6072300
10/21/2017,6160270
10/21/2018,6072840
10/21/2019,6105700
10/22/2010,6168941
10/22/2011,6138257
10/22/2012,6074621
10/22/2013,5949674
10/22/2014,6145637
10/22/2015,6175155
10/22/2016,5973577
10/22/2017,5914205
10/22/2018,6102076
10/22/2019,6110741
10/23/2010,6138487
10/23/2011,6108638
10/23/2012,6139353
10/23/2013,6114040
10/23/2014,5885957
10/23/2015,6045127
10/23/2016,6210532
10/23/2017,6080970
10/23/2018,6061176
10/23/2019,6098608
10/24/2010,6027189
10/24/2011,6087207
10/24/2012,6174503
10/24/2013,6171228
10/24/2014,6036708
10/24/2015,6101717
10/24/2016,6017790
10/24/2017,6182034
10/24/2018,5923765
10/24/2019,5989600
10/25/2010,6094687
10/25/2011,6192245
10/25/2012,6045976
10/25/2013,6194380
10/25/2014,6205855
10/25/2015,6099357
10/25/2016,6144547
10/25/2017,6202933
10/25/2018,6241315
10/25/2019,6144499
10/26/2010,6190459
10/26/2011,6032027
10/26/2012,6083842
10/26/2013,6127246
10/26/2014,6149401
10/26/2015,6194335
10/26/2016,6035156
10/26/2017,6091083
10/26/2018,6148654
10/26/2019,6011509
10/27/2010,6183166
10/27/2011,6103538
10/27/2012,6152357
10/27/2013,6173051
10/27/2014,6135078
10/27/2015,6058471
10/27/2016,6262042
10/27/2017,6180355
10/27/2018,6035374
10/27/2019,5980259
10/28/2010,6149784
10/28/2011,6143052
10/28/2012,6253853
10/28/2013,6206687
10/28/2014,6151111
10/28/2015,6064602
10/28/2016,6117671
10/28/2017,6102102
10/28/2018,6270127
10/28/2019,6107674
10/29/2010,6089089
10/29/2011,6206049
10/29/2012,6152405
10/29/2013,6032584
10/29/2014,6159737
10/29/2015,6097747
10/29/2016,6166609
10/29/2017,6094356
10/29/2018,6192826
10/29/2019,6068553
10/3/2010,6028253
10/3/2011,6101252
10/3/2012,6063852
10/3/2013,6138851
10/3/2014,6171745
10/3/2015,5972371
10/3/2016,6123863
10/3/2017,6045750
10/3/2018,6209211
10/3/2019,6121345
10/30/2010,6195599
10/30/2011,6081769
10/30/2012,6202661
10/30/2013,6135268
10/30/2014,6011016
10/30/2015,6135386
10/30/2016,5926400
10/30/2017,6088206
10/30/2018,6191957
10/30/2019,6026102
10/31/2010,6129075
10/31/2011,6009957
10/31/2012,6205870
10/31/2013,6137140
10/31/2014,6162064
10/31/2015,6059771
10/31/2016,6117053
10/31/2017,6048674
10/31/2018,6078427
10/31/2019,6111725
10/4/2010,6044220
10/4/2011,6120201
10/4/2012,6127482
10/4/2013,5907592
10/4/2014,6105925
10/4/2015,6060811
10/4/2016,5994680
10/4/2017,6069002
10/4/2018,6189766
10/4/2019,6094949
10/5/2010,5976166
10/5/2011,6076080
10/5/2012,6091095
10/5/2013,6073996
10/5/2014,6127877
10/5/2015,6107557
10/5/2016,6170386
10/5/2017,6094297
10/5/2018,6152553
10/5/2019,6096174
10/6/2010,6185160
10/6/2011,6043204
10/6/2012,6077147
10/6/2013,6000783
10/6/2014,6023867
10/6/2015,5910800
10/6/2016,6100241
10/6/2017,6079870
10/6/2018,6048842
10/6/2019,6030345
10/7/2010,6047884
10/7/2011,6151273
10/7/2012,6048684
10/7/2013,6136146
10/7/2014,6012090
10/7/2015,6181580
10/7/2016,5997544
10/7/2017,6108608
10/7/2018,6059641
10/7/2019,6136288
10/8/2010,6104524
10/8/2011,6103308
10/8/2012,6064206
10/8/2013,6221973
10/8/2014,6121600
10/8/2015,6141756
10/8/2016,6094070
10/8/2017,6069767
10/8/2018,6145744
10/8/2019,6134946
10/9/2010,6033247
10/9/2011,5986875
10/9/2012,6093023
10/9/2013,6145171
10/9/2014,6117052
10/9/2015,6149991
10/9/2016,6135945
10/9/2017,6144217
10/9/2018,6103701
10/9/2019,6212833
11/1/2010,5938213
11/1/2011,6148949
11/1/2012,6205114
11/1/2013,6208378
11/1/2014,6058246
11/1/2015,6094698
11/1/2016,5949185
11/1/2017,6278837
11/1/2018,6107931
11/1/2019,6130152
11/10/2010,6073030
11/10/2011,6157056
11/10/2012,6034891
11/10/2013,6009900
11/10/2014,6052238
11/10/2015,5988520
11/10/2016,6063373
11/10/2017,6077163
11/10/2018,6009117
11/10/2019,6162003
11/11/2010,6068521
11/11/2011,6006940
11/11/2012,6108822
11/11/2013,6145346
11/11/2014,6076780
11/11/2015,6151204
11/11/2016,6162055
11/11/2017,6033293
11/11/2018,6022778
11/11/2019,6087657
11/12/2010,6260037
11/12/2011,6103832
11/12/2012,6163805
11/12/2013,6156114
11/12/2014,6117686
11/12/2015,6087040
11/12/2016,6171441
11/12/2017,6098984
11/12/2018,6130630
11/12/2019,6024843
11/13/2010,6109780
11/13/2011,6163561
11/13/2012,6148647
11/13/2013,5997133
11/13/2014,6089489
11/13/2015,6055143
11/13/2016,6080637
11/13/2017,6295705
11/13/2018,6084324
11/13/2019,6127946
11/14/2010,6138359
11/14/2011,6071644
11/14/2012,6121348
11/14/2013,6075083
11/14/2014,6121424
11/14/2015,6167183
11/14/2016,5959063
11/14/2017,6054854
11/14/2018,6096195
11/14/2019,6007657
11/15/2010,6180881
11/15/2011,6165169
11/15/2012,6119598
11/15/2013,6067442
11/15/2014,6090773
11/15/2015,6067235
11/15/2016,6021558
11/15/2017,6105773
11/15/2018,6076499
11/15/2019,6204256
11/16/2010,6082215
11/16/2011,6092478
11/16/2012,6149270
11/16/2013,6140027
11/16/2014,6014299
11/16/2015,6170296
11/16/2016,6029332
11/16/2017,5998152
11/16/2018,6094378
11/16/2019,5992983
11/17/2010,5997529
11/17/2011,6149282
11/17/2012,6046027
11/17/2013,6220258
11/17/2014,6185283
11/17/2015,6140289
11/17/2016,6200417
11/17/2017,6199874
11/17/2018,6057677
11/17/2019,6201959
11/18/2010,6080194
11/18/2011,6089066
11/18/2012,6099993
11/18/2013,6072431
11/18/2014,6045051
11/18/2015,6205493
11/18/2016,6024309
11/18/2017,6273429
11/18/2018,6045763
11/18/2019,6008193
11/19/2010,6082345
11/19/2011,6043048
11/19/2012,6078230
11/19/2013,6162828
11/19/2014,6133776
11/19/2015,6124397
11/19/2016,6059963
11/19/2017,6121410
11/19/2018,6054847
11/19/2019,6045499
11/2/2010,6129836
11/2/2011,6022212
11/2/2012,6168115
11/2/2013,6004281
11/2/2014,6041407
11/2/2015,6109226
11/2/2016,6129878
11/2/2017,6172419
11/2/2018,6136093
11/2/2019,6202456
11/20/2010,6064217
11/20/2011,6058558
11/20/2012,6128104
11/20/2013,6075027
11/20/2014,6052755
11/20/2015,6189531
11/20/2016,6060900
11/20/2017,6121849
11/20/2018,6121996
11/20/2019,5935124
11/21/2010,6051544
11/21/2011,6220711
11/21/2012,6177848
11/21/2013,6155186
11/21/2014,6043989
11/21/2015,6056635
11/21/2016,6194383
11/21/2017,6004003
11/21/2018,6125116
11/21/2019,5949822
11/22/2010,6080755
11/22/2011,6254878
11/22/2012,6235716
11/22/2013,6007933
11/22/2014,6120002
11/22/2015,6057220
11/22/2016,6159314
11/22/2017,6045536
11/22/2018,6227241
11/22/2019,6125416
11/23/2010,6090225
11/23/2011,6112213
11/23/2012,6059212
11/23/2013,6052105
11/23/2014,6047124
11/23/2015,6022581
11/23/2016,6036474
11/23/2017,6077305
11/23/2018,6080737
11/23/2019,6076348
11/24/2010,6017316
11/24/2011,5996456
11/24/2012,6082985
11/24/2013,6109838
11/24/2014,6116958
11/24/2015,6137867
11/24/2016,6247684
11/24/2017,6185866
11/24/2018,6147805
11/24/2019,6121001
11/25/2010,6061060
11/25/2011,6084360
11/25/2012,6108453
11/25/2013,6205568
11/25/2014,6137202
11/25/2015,6022828
11/25/2016,6051446
11/25/2017,5952253
11/25/2018,5970782
11/25/2019,6181357
11/26/2010,6010907
11/26/2011,6093749
11/26/2012,6154953
11/26/2013,5975836
11/26/2014,6023662
11/26/2015,6098851
11/26/2016,6001993
11/26/2017,6170176
11/26/2018,6162096
11/26/2019,6191864
11/27/2010,6121892
11/27/2011,6131875
11/27/2012,6212657
11/27/2013,6119585
11/27/2014,6109636
11/27/2015,6133821
11/27/2016,6088153
11/27/2017,6061781
11/27/2018,6074532
11/27/2019,6147142
11/28/2010,6266853
11/28/2011,5998317
11/28/2012,6138439
11/28/2013,6107860
11/28/2014,6024546
11/28/2015,6152188
11/28/2016,6092784
11/28/2017,6106541
11/28/2018,6090344
11/28/2019,6134765
11/29/2010,6115946
11/29/2011,6066906
11/29/2012,5957762
11/29/2013,6206968
11/29/2014,5978275
11/29/2015,6106838
11/29/2016,6026720
11/29/2017,6096750
11/29/2018,6175336
11/29/2019,6113650
11/3/2010,6102881
11/3/2011,6051862
11/3/2012,6068916
11/3/2013,6100557
11/3/2014,6056246
11/3/2015,6108371
11/3/2016,5952553
11/3/2017,6311908
11/3/2018,6078438
11/3/2019,6125166
11/30/2010,5996464
11/30/2011,6138001
11/30/2012,6208946
11/30/2013,6107875
11/30/2014,6161401
11/30/2015,6085877
11/30/2016,6001651
11/30/2017,6079874
11/30/2018,6031909
11/30/2019,6153650
11/4/2010,6148778
11/4/2011,6072925
11/4/2012,5979476
11/4/2013,6140759
11/4/2014,6167597
11/4/2015,6114912
11/4/2016,5990527
11/4/2017,6016543
11/4/2018,6114937
11/4/2019,6191727
11/5/2010,5966833
11/5/2011,5979399
11/5/2012,5992860
11/5/2013,6074366
11/5/2014,5997182
11/5/2015,6182801
11/5/2016,6034757
11/5/2017,6118027
11/5/2018,6166492
11/5/2019,6092329
11/6/2010,6091786
11/6/2011,6214758
11/6/2012,6135773
11/6/2013,6089907
11/6/2014,6147224
11/6/2015,6072679
11/6/2016,6045248
11/6/2017,6214212
11/6/2018,6181062
11/6/2019,6010333
11/7/2010,6122885
11/7/2011,5997343
11/7/2012,6041036
11/7/2013,6139126
11/7/2014,6115177
11/7/2015,6208595
11/7/2016,6124038
11/7/2017,5980934
11/7/2018,6161399
11/7/2019,6117442
11/8/2010,5937769
11/8/2011,6135132
11/8/2012,6063362
11/8/2013,6085176
11/8/2014,6059902
11/8/2015,6114310
11/8/2016,6124311
11/8/2017,6144909
11/8/2018,6234978
11/8/2019,6000352
11/9/2010,6086083
11/9/2011,6119274
11/9/2012,6144274
11/9/2013,6157506
11/9/2014,6060495
11/9/2015,6092697
11/9/2016,6206256
11/9/2017,6028518
11/9/2018,6111988
11/9/2019,6126292
12/1/2010,6072517
12/1/2011,6127641
12/1/2012,6028766
12/1/2013,6207159
12/1/2014,6057620
12/1/2015,6271034
12/1/2016,6165905
12/1/2017,6192373
12/1/2018,6133104
12/1/2019,6126602
12/10/2010,6127689
12/10/2011,6188619
12/10/2012,6163400
12/10/2013,6133788
12/10/2014,6139934
12/10/2015,6075314
12/10/2016,6113994
12/10/2017,6146130
12/10/2018,6101739
12/10/2019,6032637
12/11/2010,6072087
12/11/2011,6055550
12/11/2012,6103116
12/11/2013,6195841
12/11/2014,6112704
12/11/2015,5992027
12/11/2016,6110324
12/11/2017,6141156
12/11/2018,6006339
12/11/2019,6021705
12/12/2010,5971104
12/12/2011,6175592
12/12/2012,6101141
12/12/2013,6115641
12/12/2014,6093894
12/12/2015,6241489
12/12/2016,6227030
12/12/2017,6093150
12/12/2018,6283784
12/12/2019,6173153
12/13/2010,6143972
12/13/2011,6173901
12/13/2012,6142210
12/13/2013,6019944
12/13/2014,6045569
12/13/2015,6207287
12/13/2016,6107823
12/13/2017,6190665
12/13/2018,6155745
12/13/2019,6096619
12/14/2010,6052193
12/14/2011,6152438
12/14/2012,5954913
12/14/2013,6029927
12/14/2014,6101907
12/14/2015,6185598
12/14/2016,5979010
12/14/2017,6087925
12/14/2018,6059314
12/14/2019,6064450
12/15/2010,6107946
12/15/2011,6157675
12/15/2012,6146235
12/15/2013,6212664
12/15/2014,6162789
12/15/2015,6230845
12/15/2016,6121625
12/15/2017,6008926
12/15/2018,6076486
12/15/2019,5944672
12/16/2010,6047635
12/16/2011,5986365
12/16/2012,6055356
12/16/2013,5971041
12/16/2014,6089993
12/16/2015,5961718
12/16/2016,6002075
12/16/2017,6184739
12/16/2018,6263150
12/16/2019,6114686
12/17/2010,6142815
12/17/2011,6159606
12/17/2012,6061100
12/17/2013,6054194
12/17/2014,6057876
12/17/2015,6032981
12/17/2016,6118831
12/17/2017,6063370
12/17/2018,6101253
12/17/2019,6168696
12/18/2010,6157059
12/18/2011,6200507
12/18/2012,6169690
12/18/2013,5959328
12/18/2014,6185306
12/18/2015,6187510
12/18/2016,6216016
12/18/2017,6031474
12/18/2018,6122860
12/18/2019,6110703
12/19/2010,6198549
12/19/2011,5979111
12/19/2012,6068379
12/19/2013,5993829
12/19/2014,6147602
12/19/2015,6108672
12/19/2016,6071688
12/19/2017,6148208
12/19/2018,6163240
12/19/2019,6148117
12/2/2010,6159510
12/2/2011,6096698
12/2/2012,5978950
12/2/2013,6144615
12/2/2014,6154006
12/2/2015,6134538
12/2/2016,6018507
12/2/2017,5957792
12/2/2018,6124231
12/2/2019,6006113
12/20/2010,6129521
12/20/2011,6038105
12/20/2012,6127700
12/20/2013,6111660
12/20/2014,6095995
12/20/2015,6146826
12/20/2016,6058379
12/20/2017,6101840
12/20/2018,6079038
12/20/2019,6139326
12/21/2010,6028191
12/21/2011,6129322
12/21/2012,6206364
12/21/2013,6117522
12/21/2014,6120232
12/21/2015,6131660
12/21/2016,6157247
12/21/2017,6065114
12/21/2018,6145668
12/21/2019,6152825
12/22/2010,6121922
12/22/2011,6197386
12/22/2012,6156844
12/22/2013,5979764
12/22/2014,6069780
12/22/2015,6137094
12/22/2016,6108217
12/22/2017,6059285
12/22/2018,6072003
12/22/2019,6022505
12/23/2010,6183483
12/23/2011,6029293
12/23/2012,5971262
12/23/2013,6128617
12/23/2014,5977849
12/23/2015,6161252
12/23/2016,6127712
12/23/2017,6126627
12/23/2018,6074491
12/23/2019,6112401
12/24/2010,6065487
12/24/2011,6126792
12/24/2012,6042337
12/24/2013,6083561
12/24/2014,6162789
12/24/2015,6200625
12/24/2016,6047094
12/24/2017,6064852
12/24/2018,6116640
12/24/2019,6136411
12/25/2010,5827555
12/25/2011,6073358
12/25/2012,6120307
12/25/2013,6076394
12/25/2014,5986854
12/25/2015,6029680
12/25/2016,6242145
12/25/2017,6049298
12/25/2018,5930244
12/25/2019,6117374
12/26/2010,5967361
12/26/2011,6039764
12/26/2012,6105930
12/26/2013,6072963
12/26/2014,6059850
12/26/2015,6108430
12/26/2016,6193582
12/26/2017,6039271
12/26/2018,6245073
12/26/2019,5965068
12/27/2010,5983847
12/27/2011,6210920
12/27/2012,6129157
12/27/2013,6066999
12/27/2014,6111005
12/27/2015,6201153
12/27/2016,6098279
12/27/2017,6026103
12/27/2018,6177635
12/27/2019,6138415
12/28/2010,6004309
12/28/2011,6090394
12/28/2012,6169589
12/28/2013,6179523
12/28/2014,6135259
12/28/2015,6064714
12/28/2016,6104205
12/28/2017,6099707
12/28/2018,6106608
12/28/2019,6084668
12/29/2010,6146788
12/29/2011,6090727
12/29/2012,6055820
12/29/2013,6016372
12/29/2014,6235681
12/29/2015,5968054
12/29/2016,6120324
12/29/2017,5979953
12/29/2018,6007954
12/29/2019,6236844
12/3/2010,6162058
12/3/2011,6193227
12/3/2012,6097719
12/3/2013,6254947
12/3/2014,6034971
12/3/2015,5942150
12/3/2016,6195067
12/3/2017,6014083
12/3/2018,6199274
12/3/2019,6042330
12/30/2010,6098561
12/30/2011,5942135
12/30/2012,6156876
12/30/2013,6081439
12/30/2014,6153389
12/30/2015,6085659
12/30/2016,6238825
12/30/2017,6149505
12/30/2018,6106188
12/30/2019,6122810
12/31/2010,6071372
12/31/2011,6110131
12/31/2012,6136961
12/31/2013,6025075
12/31/2014,6175435
12/31/2015,6036646
12/31/2016,6038558
12/31/2017,6050671
12/31/2018,6085103
12/31/2019,5987744
12/4/2010,6141801
12/4/2011,6206257
12/4/2012,6057266
12/4/2013,6016769
12/4/2014,6162307
12/4/2015,6011642
12/4/2016,5976005
12/4/2017,6031994
12/4/2018,6152786
12/4/2019,6009813
12/5/2010,6115765
12/5/2011,6120977
12/5/2012,6056266
12/5/2013,6274868
12/5/2014,6158932
12/5/2015,6201230
12/5/2016,6010946
12/5/2017,6084280
12/5/2018,6155544
12/5/2019,6250192
12/6/2010,6101539
12/6/2011,6158643
12/6/2012,6107126
12/6/2013,6176851
12/6/2014,6118395
12/6/2015,6154034
12/6/2016,6060486
12/6/2017,6082863
12/6/2018,6158214
12/6/2019,6074140
12/7/2010,6121747
12/7/2011,6156212
12/7/2012,6075444
12/7/2013,5935610
12/7/2014,6166597
12/7/2015,6071048
12/7/2016,6107318
12/7/2017,6072371
12/7/2018,6156268
12/7/2019,6131363
12/8/2010,6082061
12/8/2011,6055475
12/8/2012,6153416
12/8/2013,6160372
12/8/2014,6105912
12/8/2015,6123956
12/8/2016,6183815
12/8/2017,6123423
12/8/2018,5959775
12/8/2019,6062680
12/9/2010,6153844
12/9/2011,6005265
12/9/2012,6174927
12/9/2013,6122857
12/9/2014,6116758
12/9/2015,6094946
12/9/2016,6051287
12/9/2017,6118266
12/9/2018,6189893
12/9/2019,6108269
2/1/2010,6077517
2/1/2011,5977511
2/1/2012,6127120
2/1/2013,5935774
2/1/2014,6127222
2/1/2015,6116355
2/1/2016,6161407
2/1/2017,6075012
2/1/2018,6036331
2/1/2019,6164531
2/1/2020,6099576
2/10/2010,6159092
2/10/2011,6205641
2/10/2012,6133198
2/10/2013,5938076
2/10/2014,6129599
2/10/2015,5917110
2/10/2016,6097062
2/10/2017,6167593
2/10/2018,6162641
2/10/2019,6135275
2/10/2020,6141657
2/11/2010,6043551
2/11/2011,6101348
2/11/2012,6129147
2/11/2013,5951617
2/11/2014,6060192
2/11/2015,6052169
2/11/2016,6182697
2/11/2017,6148827
2/11/2018,6139158
2/11/2019,6107782
2/11/2020,6082971
2/12/2010,6185664
2/12/2011,6209331
2/12/2012,6030479
2/12/2013,5986201
2/12/2014,6110819
2/12/2015,6129853
2/12/2016,6289097
2/12/2017,6155013
2/12/2018,6051448
2/12/2019,6090486
2/12/2020,5986352
2/13/2010,5964379
2/13/2011,6026188
2/13/2012,6169819
2/13/2013,6046243
2/13/2014,6217081
2/13/2015,6154947
2/13/2016,6241316
2/13/2017,6175090
2/13/2018,6062701
2/13/2019,6266054
2/13/2020,5987332
2/14/2010,6098837
2/14/2011,6134234
2/14/2012,6193417
2/14/2013,6017312
2/14/2014,6203012
2/14/2015,6210122
2/14/2016,6273148
2/14/2017,6012599
2/14/2018,6074847
2/14/2019,6127458
2/14/2020,6092274
2/15/2010,6231673
2/15/2011,5994800
2/15/2012,6111079
2/15/2013,5972432
2/15/2014,6102520
2/15/2015,6173682
2/15/2016,6045423
2/15/2017,6050394
2/15/2018,6010840
2/15/2019,6081172
2/15/2020,6111548
2/16/2010,6087057
2/16/2011,6087677
2/16/2012,6092480
2/16/2013,6031886
2/16/2014,6053031
2/16/2015,6138322
2/16/2016,6013756
2/16/2017,6102894
2/16/2018,6119461
2/16/2019,6087955
2/16/2020,6139104
2/17/2010,5950466
2/17/2011,6183186
2/17/2012,6192071
2/17/2013,6040965
2/17/2014,6103598
2/17/2015,6087687
2/17/2016,5998687
2/17/2017,6134508
2/17/2018,6107991
2/17/2019,6070960
2/17/2020,6085454
2/18/2010,6033832
2/18/2011,6036604
2/18/2012,6151823
2/18/2013,6235296
2/18/2014,6057162
2/18/2015,6018096
2/18/2016,6003807
2/18/2017,6127397
2/18/2018,6027360
2/18/2019,6131331
2/18/2020,5958402
2/19/2010,5976886
2/19/2011,6106827
2/19/2012,6029566
2/19/2013,6077630
2/19/2014,6053200
2/19/2015,6092190
2/19/2016,6027232
2/19/2017,6172577
2/19/2018,6209864
2/19/2019,6146581
2/19/2020,6089448
2/2/2010,6011238
2/2/2011,6090931
2/2/2012,6205859
2/2/2013,6102381
2/2/2014,6130739
2/2/2015,6105691
2/2/2016,6073552
2/2/2017,6084717
2/2/2018,6036965
2/2/2019,6148318
2/2/2020,6096921
2/20/2010,6168495
2/20/2011,6029006
2/20/2012,6202070
2/20/2013,6077308
2/20/2014,6072828
2/20/2015,6125866
2/20/2016,6113304
2/20/2017,6067699
2/20/2018,6168316
2/20/2019,6069616
2/20/2020,6046454
2/21/2010,6039286
2/21/2011,6162090
2/21/2012,5997590
2/21/2013,6180472
2/21/2014,6059936
2/21/2015,6092667
2/21/2016,6129520
2/21/2017,6127161
2/21/2018,6219921
2/21/2019,6070993
2/21/2020,6024037
2/22/2010,6032026
2/22/2011,6208211
2/22/2012,6123268
2/22/2013,6068745
2/22/2014,6130868
2/22/2015,6171206
2/22/2016,6049650
2/22/2017,6096121
2/22/2018,6160204
2/22/2019,6073174
2/22/2020,5983676
2/23/2010,6117594
2/23/2011,6146337
2/23/2012,6184218
2/23/2013,6148325
2/23/2014,6112931
2/23/2015,6221101
2/23/2016,6069929
2/23/2017,6078768
2/23/2018,6152894
2/23/2019,6123809
2/23/2020,6057815
2/24/2010,6137644
2/24/2011,6057846
2/24/2012,6022684
2/24/2013,6057395
2/24/2014,6081405
2/24/2015,6072012
2/24/2016,6099723
2/24/2017,6035972
2/24/2018,6264001
2/24/2019,6044346
2/24/2020,6061237
2/25/2010,6011221
2/25/2011,6001644
2/25/2012,6127639
2/25/2013,6080013
2/25/2014,6148785
2/25/2015,5955850
2/25/2016,6024682
2/25/2017,6082583
2/25/2018,6253634
2/25/2019,6174712
2/25/2020,6077750
2/26/2010,6107036
2/26/2011,6083982
2/26/2012,6011564
2/26/2013,6009983
2/26/2014,6083515
2/26/2015,6071418
2/26/2016,6125028
2/26/2017,6058780
2/26/2018,6056098
2/26/2019,6171902
2/26/2020,6027925
2/27/2010,6148136
2/27/2011,6022726
2/27/2012,6145193
2/27/2013,6058757
2/27/2014,6146580
2/27/2015,6118178
2/27/2016,6141370
2/27/2017,5986711
2/27/2018,6004164
2/27/2019,6116971
2/27/2020,6087067
2/28/2010,6048736
2/28/2011,6080197
2/28/2012,6050886
2/28/2013,6049173
2/28/2014,6161099
2/28/2015,6180851
2/28/2016,6122321
2/28/2017,6085131
2/28/2018,6068292
2/28/2019,6019162
2/28/2020,6005969
2/29/2012,6202151
2/29/2016,6156853
2/29/2020,6109560
2/3/2010,6102896
2/3/2011,6124856
2/3/2012,6150158
2/3/2013,6166042
2/3/2014,6097507
2/3/2015,6208890
2/3/2016,6007781
2/3/2017,6103967
2/3/2018,6097905
2/3/2019,6082261
2/3/2020,6089274
2/4/2010,6087989
2/4/2011,6143407
2/4/2012,6132481
2/4/2013,5994634
2/4/2014,6043764
2/4/2015,6198956
2/4/2016,6083390
2/4/2017,6017027
2/4/2018,6102379
2/4/2019,6199118
2/4/2020,5987032
2/5/2010,6167934
2/5/2011,6154356
2/5/2012,5996882
2/5/2013,6067014
2/5/2014,5967415
2/5/2015,6197976
2/5/2016,6014437
2/5/2017,6051446
2/5/2018,5995054
2/5/2019,5964490
2/5/2020,6079124
2/6/2010,6098733
2/6/2011,6106798
2/6/2012,6128862
2/6/2013,6113124
2/6/2014,6182819
2/6/2015,6149944
2/6/2016,6147426
2/6/2017,6113152
2/6/2018,6036121
2/6/2019,6060412
2/6/2020,6047100
2/7/2010,6005457
2/7/2011,6164491
2/7/2012,6237374
2/7/2013,6043024
2/7/2014,6068543
2/7/2015,6329151
2/7/2016,6180848
2/7/2017,6154318
2/7/2018,6099583
2/7/2019,6038358
2/7/2020,6176433
2/8/2010,6147264
2/8/2011,6112755
2/8/2012,6135167
2/8/2013,6209592
2/8/2014,6240634
2/8/2015,6213825
2/8/2016,6121553
2/8/2017,6016838
2/8/2018,6021363
2/8/2019,6113412
2/8/2020,6041685
2/9/2010,6095254
2/9/2011,6185639
2/9/2012,6175293
2/9/2013,6128066
2/9/2014,6126977
2/9/2015,6087008
2/9/2016,6135424
2/9/2017,6074429
2/9/2018,6178993
2/9/2019,6027702
2/9/2020,6204782
3/1/2010,6196873
3/1/2011,6127448
3/1/2012,6018989
3/1/2013,6133962
3/1/2014,6032131
3/1/2015,6060734
3/1/2016,6069552
3/1/2017,5995671
3/1/2018,5943897
3/1/2019,6124191
3/1/2020,6112270
3/10/2010,6101729
3/10/2011,6085632
3/10/2012,5974871
3/10/2013,6088818
3/10/2014,6095716
3/10/2015,6055761
3/10/2016,5996100
3/10/2017,6190272
3/10/2018,6011402
3/10/2019,6061660
3/10/2020,6096081
3/11/2010,6137960
3/11/2011,6218817
3/11/2012,6051118
3/11/2013,6197864
3/11/2014,6210026
3/11/2015,6122553
3/11/2016,5998995
3/11/2017,6133339
3/11/2018,6108236
3/11/2019,6102765
3/11/2020,6091918
3/12/2010,6138663
3/12/2011,6041501
3/12/2012,6105008
3/12/2013,6092246
3/12/2014,6147580
3/12/2015,6081526
3/12/2016,6068188
3/12/2017,6163631
3/12/2018,6205227
3/12/2019,6111777
3/12/2020,6120941
3/13/2010,6110202
3/13/2011,6129319
3/13/2012,6156825
3/13/2013,5998896
3/13/2014,6063049
3/13/2015,6108946
3/13/2016,6194584
3/13/2017,6087841
3/13/2018,6006047
3/13/2019,6150445
3/13/2020,6057703
3/14/2010,6140829
3/14/2011,6094609
3/14/2012,6056795
3/14/2013,6040413
3/14/2014,5894275
3/14/2015,6147787
3/14/2016,6196492
3/14/2017,5972624
3/14/2018,6250767
3/14/2019,6056495
3/14/2020,6106184
3/15/2010,6146840
3/15/2011,6175788
3/15/2012,6062199
3/15/2013,6169525
3/15/2014,6090042
3/15/2015,6061839
3/15/2016,6116849
3/15/2017,6125482
3/15/2018,6036931
3/15/2019,6166212
3/15/2020,6149270
3/16/2010,6080171
3/16/2011,6046441
3/16/2012,6073643
3/16/2013,6113190
3/16/2014,6147477
3/16/2015,6099746
3/16/2016,6071836
3/16/2017,6195526
3/16/2018,5996031
3/16/2019,6151347
3/16/2020,6030031
3/17/2010,6016937
3/17/2011,6150490
3/17/2012,6142526
3/17/2013,6109845
3/17/2014,6082257
3/17/2015,5979188
3/17/2016,6080914
3/17/2017,6115377
3/17/2018,6001880
3/17/2019,5944446
3/17/2020,6250969
3/18/2010,6045397
3/18/2011,6063450
3/18/2012,6063541
3/18/2013,6060905
3/18/2014,5982795
3/18/2015,6129712
3/18/2016,6036374
3/18/2017,6031971
3/18/2018,6082660
3/18/2019,6145281
3/18/2020,6115324
3/19/2010,5993346
3/19/2011,6229250
3/19/2012,6148753
3/19/2013,6107083
3/19/2014,6160838
3/19/2015,6063036
3/19/2016,6180833
3/19/2017,6093214
3/19/2018,6166906
3/19/2019,5958031
3/19/2020,6119452
3/2/2010,6129423
3/2/2011,6128719
3/2/2012,6114888
3/2/2013,6304734
3/2/2014,6143689
3/2/2015,6159099
3/2/2016,6014588
3/2/2017,6151487
3/2/2018,6062664
3/2/2019,6215197
3/2/2020,6133341
3/20/2010,6068523
3/20/2011,6109940
3/20/2012,6080119
3/20/2013,6071970
3/20/2014,5982930
3/20/2015,6148994
3/20/2016,6072728
3/20/2017,6173496
3/20/2018,6161322
3/20/2019,6178711
3/20/2020,6126491
3/21/2010,6021317
3/21/2011,6102555
3/21/2012,6079910
3/21/2013,6087847
3/21/2014,6049198
3/21/2015,6075764
3/21/2016,6255134
3/21/2017,6043307
3/21/2018,6129429
3/21/2019,6109734
3/21/2020,5970516
3/22/2010,6071800
3/22/2011,6018245
3/22/2012,6144582
3/22/2013,6092439
3/22/2014,6182188
3/22/2015,6054712
3/22/2016,6160382
3/22/2017,6075060
3/22/2018,5970987
3/22/2019,6089289
3/22/2020,6162177
3/23/2010,6106419
3/23/2011,6099227
3/23/2012,6229254
3/23/2013,6004534
3/23/2014,6118471
3/23/2015,6120382
3/23/2016,6095524
3/23/2017,6128571
3/23/2018,6029140
3/23/2019,6075888
3/23/2020,5982629
3/24/2010,5991751
3/24/2011,6073607
3/24/2012,6043759
3/24/2013,6137477
3/24/2014,6193325
3/24/2015,6030063
3/24/2016,6054615
3/24/2017,6125808
3/24/2018,5999503
3/24/2019,6090137
3/24/2020,6125354
3/25/2010,6191206
3/25/2011,6123214
3/25/2012,6123498
3/25/2013,6085948
3/25/2014,6056345
3/25/2015,6122462
3/25/2016,6009156
3/25/2017,6086711
3/25/2018,6076006
3/25/2019,6120585
3/25/2020,6021708
3/26/2010,6008079
3/26/2011,6076210
3/26/2012,6125913
3/26/2013,6026220
3/26/2014,6136494
3/26/2015,6118398
3/26/2016,6062010
3/26/2017,6182117
3/26/2018,6106441
3/26/2019,6098085
3/26/2020,6057736
3/27/2010,6169779
3/27/2011,5962631
3/27/2012,5989506
3/27/2013,6148809
3/27/2014,6079744
3/27/2015,6208687
3/27/2016,6093534
3/27/2017,6061471
3/27/2018,6087318
3/27/2019,6171648
3/27/2020,6164705
3/28/2010,6150334
3/28/2011,6102169
3/28/2012,6057645
3/28/2013,6075284
3/28/2014,5997050
3/28/2015,6078922
3/28/2016,6181580
3/28/2017,6035985
3/28/2018,6043039
3/28/2019,5994246
3/28/2020,6198849
3/29/2010,6093180
3/29/2011,6100846
3/29/2012,5984145
3/29/2013,6156529
3/29/2014,6154132
3/29/2015,6053414
3/29/2016,6068320
3/29/2017,6081107
3/29/2018,5874792
3/29/2019,5965947
3/29/2020,6033099
3/3/2010,6062092
3/3/2011,6110841
3/3/2012,5965576
3/3/2013,6124946
3/3/2014,6134174
3/3/2015,6226889
3/3/2016,6024866
3/3/2017,6106981
3/3/2018,6132359
3/3/2019,6279147
3/3/2020,6078310
3/30/2010,6082995
3/30/2011,6211668
3/30/2012,6116660
3/30/2013,6129450
3/30/2014,5984762
3/30/2015,6246657
3/30/2016,6036944
3/30/2017,6211607
3/30/2018,6071988
3/30/2019,6020626
3/30/2020,6137504
3/31/2010,6138596
3/31/2011,6116540
3/31/2012,6092647
3/31/2013,6212153
3/31/2014,5976594
3/31/2015,6106201
3/31/2016,6044150
3/31/2017,5994625
3/31/2018,6142429
3/31/2019,6084473
3/31/2020,6120961
3/4/2010,6081958
3/4/2011,6037433
3/4/2012,6084126
3/4/2013,6045729
3/4/2014,6054680
3/4/2015,6185689
3/4/2016,6092412
3/4/2017,6069676
3/4/2018,6071573
3/4/2019,5969610
3/4/2020,5984860
3/5/2010,6125887
3/5/2011,6091375
3/5/2012,6186183
3/5/2013,6195688
3/5/2014,6121569
3/5/2015,6137942
3/5/2016,6081531
3/5/2017,5999568
3/5/2018,6086208
3/5/2019,6039593
3/5/2020,6110962
3/6/2010,6094300
3/6/2011,6159761
3/6/2012,6187553
3/6/2013,6269126
3/6/2014,6071340
3/6/2015,6065112
3/6/2016,6192722
3/6/2017,6016202
3/6/2018,6058839
3/6/2019,6035243
3/6/2020,6147030
3/7/2010,6055703
3/7/2011,6119522
3/7/2012,6120282
3/7/2013,6167566
3/7/2014,6169860
3/7/2015,6165707
3/7/2016,6264009
3/7/2017,6013601
3/7/2018,6147564
3/7/2019,6086016
3/7/2020,5957905
3/8/2010,6068717
3/8/2011,6210369
3/8/2012,6051817
3/8/2013,6050406
3/8/2014,6127883
3/8/2015,5948150
3/8/2016,6075576
3/8/2017,6128979
3/8/2018,6136919
3/8/2019,6166652
3/8/2020,6154905
3/9/2010,6153924
3/9/2011,6034040
3/9/2012,6241110
3/9/2013,6144037
3/9/2014,6170042
3/9/2015,5981237
3/9/2016,6029704
3/9/2017,6023893
3/9/2018,6036255
3/9/2019,5954265
3/9/2020,6065704
4/1/2010,6211827
4/1/2011,6173182
4/1/2012,6120338
4/1/2013,5933504
4/1/2014,6113438
4/1/2015,6108693
4/1/2016,6135722
4/1/2017,5996376
4/1/2018,6114844
4/1/2019,6105273
4/1/2020,6109955
4/10/2010,5982185
4/10/2011,6115875
4/10/2012,6024255
4/10/2013,6126715
4/10/2014,6124124
4/10/2015,6200161
4/10/2016,6177228
4/10/2017,6042646
4/10/2018,6088384
4/10/2019,6038068
4/10/2020,6080643
4/11/2010,6055146
4/11/2011,6114740
4/11/2012,6145390
4/11/2013,6045110
4/11/2014,6024443
4/11/2015,6209394
4/11/2016,5894285
4/11/2017,5890536
4/11/2018,6057789
4/11/2019,6154368
4/11/2020,6087239
4/12/2010,6168746
4/12/2011,6196232
4/12/2012,6165986
4/12/2013,6025938
4/12/2014,6041777
4/12/2015,6000834
4/12/2016,5991459
4/12/2017,6028610
4/12/2018,6106018
4/12/2019,6114139
4/12/2020,5979368
4/13/2010,6099366
4/13/2011,6131454
4/13/2012,6079511
4/13/2013,5991965
4/13/2014,6068992
4/13/2015,6121394
4/13/2016,6099754
4/13/2017,6102748
4/13/2018,6180185
4/13/2019,6136974
4/13/2020,6170308
4/14/2010,6131123
4/14/2011,6166037
4/14/2012,6091110
4/14/2013,5991002
4/14/2014,6089885
4/14/2015,6094078
4/14/2016,6197630
4/14/2017,6121226
4/14/2018,6153496
4/14/2019,5923556
4/14/2020,6057137
4/15/2010,6049868
4/15/2011,6120151
4/15/2012,6145051
4/15/2013,6125476
4/15/2014,6128414
4/15/2015,6026526
4/15/2016,6126287
4/15/2017,5985263
4/15/2018,6120673
4/15/2019,6067746
4/15/2020,6011454
4/16/2010,6201070
4/16/2011,6080470
4/16/2012,6131441
4/16/2013,6035234
4/16/2014,6204771
4/16/2015,6053512
4/16/2016,6240905
4/16/2017,6052848
4/16/2018,5969014
4/16/2019,6122006
4/16/2020,6021848
4/17/2010,6084981
4/17/2011,6085055
4/17/2012,6156259
4/17/2013,6124682
4/17/2014,6155633
4/17/2015,6085852
4/17/2016,6100698
4/17/2017,6193323
4/17/2018,6078885
4/17/2019,6115524
4/17/2020,6126670
4/18/2010,6215786
4/18/2011,5997875
4/18/2012,6082344
4/18/2013,6063837
4/18/2014,6098575
4/18/2015,6136693
4/18/2016,6045721
4/18/2017,6067052
4/18/2018,6032251
4/18/2019,6216136
4/18/2020,6090780
4/19/2010,6086503
4/19/2011,6096194
4/19/2012,5915503
4/19/2013,6071357
4/19/2014,5926670
4/19/2015,6059821
4/19/2016,6095604
4/19/2017,6289051
4/19/2018,6130248
4/19/2019,6163252
4/19/2020,6005970
4/2/2010,6132264
4/2/2011,6046896
4/2/2012,5971325
4/2/2013,6022767
4/2/2014,6052130
4/2/2015,5977570
4/2/2016,6125020
4/2/2017,6070993
4/2/2018,6195516
4/2/2019,6240682
4/2/2020,6135440
4/20/2010,6158093
4/20/2011,6133208
4/20/2012,6193725
4/20/2013,6129456
4/20/2014,6072427
4/20/2015,6056677
4/20/2016,6099251
4/20/2017,6013929
4/20/2018,6040625
4/20/2019,6253357
4/20/2020,6103837
4/21/2010,6034053
4/21/2011,6057229
4/21/2012,6033177
4/21/2013,6056260
4/21/2014,6024302
4/21/2015,6090137
4/21/2016,6061372
4/21/2017,6099053
4/21/2018,5998533
4/21/2019,6134562
4/21/2020,5986107
4/22/2010,6137099
4/22/2011,5988951
4/22/2012,6184780
4/22/2013,6173622
4/22/2014,5998869
4/22/2015,6106802
4/22/2016,6178532
4/22/2017,6200099
4/22/2018,6137704
4/22/2019,6058637
4/22/2020,6170581
4/23/2010,6075843
4/23/2011,6211156
4/23/2012,6070498
4/23/2013,6079483
4/23/2014,5992819
4/23/2015,6132375
4/23/2016,6115984
4/23/2017,6004194
4/23/2018,6089480
4/23/2019,6071296
4/23/2020,6113074
4/24/2010,6093055
4/24/2011,6029654
4/24/2012,6110281
4/24/2013,6201526
4/24/2014,6087836
4/24/2015,6167796
4/24/2016,6018094
4/24/2017,6187754
4/24/2018,6076578
4/24/2019,6127116
4/24/2020,6086446
4/25/2010,6086813
4/25/2011,6115504
4/25/2012,5931755
4/25/2013,6110217
4/25/2014,6213706
4/25/2015,6129278
4/25/2016,6137058
4/25/2017,6023938
4/25/2018,6074946
4/25/2019,6098250
4/25/2020,6175110
4/26/2010,6055045
4/26/2011,6217864
4/26/2012,6095054
4/26/2013,6091412
4/26/2014,6007583
4/26/2015,6114615
4/26/2016,6142675
4/26/2017,6034485
4/26/2018,6076652
4/26/2019,5988045
4/26/2020,6221784
4/27/2010,6160348
4/27/2011,5988015
4/27/2012,6176463
4/27/2013,6092765
4/27/2014,6116850
4/27/2015,6124038
4/27/2016,6110045
4/27/2017,6063518
4/27/2018,6062449
4/27/2019,6084071
4/27/2020,6082205
4/28/2010,6137593
4/28/2011,6065075
4/28/2012,6080771
4/28/2013,6005303
4/28/2014,6139154
4/28/2015,6095644
4/28/2016,6200498
4/28/2017,6108938
4/28/2018,6060886
4/28/2019,6063606
4/28/2020,6041594
4/29/2010,6149908
4/29/2011,6019617
4/29/2012,6189683
4/29/2013,6046846
4/29/2014,6267732
4/29/2015,5996466
4/29/2016,5991242
4/29/2017,6082902
4/29/2018,6018284
4/29/2019,6121568
4/29/2020,6192235
4/3/2010,6089415
4/3/2011,6034464
4/3/2012,6041994
4/3/2013,6030406
4/3/2014,6099834
4/3/2015,6054621
4/3/2016,6156473
4/3/2017,6084147
4/3/2018,6132907
4/3/2019,6164418
4/3/2020,6110178
4/30/2010,6028892
4/30/2011,6211460
4/30/2012,6175434
4/30/2013,6136983
4/30/2014,6205433
4/30/2015,6240921
4/30/2016,6094463
4/30/2017,6171559
4/30/2018,6084983
4/30/2019,6218558
4/30/2020,6106204
4/4/2010,6196897
4/4/2011,6074446
4/4/2012,6248792
4/4/2013,6120388
4/4/2014,6084139
4/4/2015,6126086
4/4/2016,6112036
4/4/2017,6188417
4/4/2018,5933451
4/4/2019,6161096
4/4/2020,6116220
4/5/2010,6128145
4/5/2011,6088576
4/5/2012,6125849
4/5/2013,6149465
4/5/2014,6133225
4/5/2015,6154741
4/5/2016,6063953
4/5/2017,6017027
4/5/2018,6115173
4/5/2019,6040723
4/5/2020,6035792
4/6/2010,6140755
4/6/2011,6098149
4/6/2012,6163497
4/6/2013,6007938
4/6/2014,6145499
4/6/2015,6080832
4/6/2016,6132519
4/6/2017,6235237
4/6/2018,6078046
4/6/2019,6109453
4/6/2020,6035356
4/7/2010,6269693
4/7/2011,6056836
4/7/2012,6017705
4/7/2013,6173913
4/7/2014,6055107
4/7/2015,6113871
4/7/2016,5990805
4/7/2017,6169317
4/7/2018,6153662
4/7/2019,6137261
4/7/2020,6064021
4/8/2010,6066175
4/8/2011,6099843
4/8/2012,6020752
4/8/2013,6070890
4/8/2014,6058988
4/8/2015,6156118
4/8/2016,6080450
4/8/2017,6128253
4/8/2018,6136500
4/8/2019,6179242
4/8/2020,6084771
4/9/2010,6121503
4/9/2011,6068066
4/9/2012,6083593
4/9/2013,6139058
4/9/2014,6181797
4/9/2015,6170611
4/9/2016,6062067
4/9/2017,6153589
4/9/2018,6134726
4/9/2019,6065372
4/9/2020,6008497
5/1/2010,6038906
5/1/2011,6165976
5/1/2012,6094633
5/1/2013,6155786
5/1/2014,6031305
5/1/2015,6087664
5/1/2016,6162458
5/1/2017,6154943
5/1/2018,6088283
5/1/2019,6150396
5/1/2020,6065333
5/10/2010,6088566
5/10/2011,6124562
5/10/2012,6074652
5/10/2013,6100637
5/10/2014,6167837
5/10/2015,6096355
5/10/2016,6092544
5/10/2017,5986971
5/10/2018,6049785
5/10/2019,6132480
5/10/2020,6021394
5/11/2010,6155312
5/11/2011,5994872
5/11/2012,6234309
5/11/2013,6051278
5/11/2014,6224209
5/11/2015,6060588
5/11/2016,6097985
5/11/2017,6130294
5/11/2018,5992934
5/11/2019,5997567
5/11/2020,6237971
5/12/2010,6125409
5/12/2011,6154927
5/12/2012,6137075
5/12/2013,6164314
5/12/2014,6243925
5/12/2015,6149066
5/12/2016,5924672
5/12/2017,6128166
5/12/2018,5987067
5/12/2019,6174783
5/12/2020,6110530
5/13/2010,6162029
5/13/2011,5992448
5/13/2012,6117635
5/13/2013,6002770
5/13/2014,6134109
5/13/2015,6011979
5/13/2016,6000739
5/13/2017,6155124
5/13/2018,6035128
5/13/2019,6077621
5/13/2020,6143072
5/14/2010,6156404
5/14/2011,6097136
5/14/2012,6074486
5/14/2013,6073019
5/14/2014,6047155
5/14/2015,6073014
5/14/2016,6047995
5/14/2017,6097106
5/14/2018,5969551
5/14/2019,6083172
5/14/2020,6148230
5/15/2010,6071188
5/15/2011,6002959
5/15/2012,6039824
5/15/2013,6209076
5/15/2014,6115700
5/15/2015,6102167
5/15/2016,5979548
5/15/2017,6156521
5/15/2018,6160323
5/15/2019,6079242
5/15/2020,5992818
5/16/2010,6229016
5/16/2011,6104654
5/16/2012,6069664
5/16/2013,6190242
5/16/2014,6179188
5/16/2015,6136296
5/16/2016,6125373
5/16/2017,6187943
5/16/2018,6171549
5/16/2019,6163018
5/16/2020,6142301
5/17/2010,6006149
5/17/2011,6036908
5/17/2012,6120700
5/17/2013,6192715
5/17/2014,6158578
5/17/2015,6199609
5/17/2016,6041831
5/17/2017,6014646
5/17/2018,6056981
5/17/2019,6190347
5/17/2020,6227202
5/18/2010,6078311
5/18/2011,6122189
5/18/2012,6067115
5/18/2013,6104737
5/18/2014,6087388
5/18/2015,6200420
5/18/2016,6049042
5/18/2017,6044864
5/18/2018,6169453
5/18/2019,6045741
5/18/2020,6136708
5/19/2010,6025314
5/19/2011,6105323
5/19/2012,6105602
5/19/2013,6266566
5/19/2014,6168817
5/19/2015,6209624
5/19/2016,6166779
5/19/2017,6051316
5/19/2018,6276164
5/19/2019,6065877
5/19/2020,5940042
5/2/2010,6056938
5/2/2011,6072224
5/2/2012,6136449
5/2/2013,6029895
5/2/2014,6027916
5/2/2015,6142727
5/2/2016,6224709
5/2/2017,6036730
5/2/2018,6163739
5/2/2019,6143007
5/2/2020,6086844
5/20/2010,6060963
5/20/2011,6248653
5/20/2012,6097829
5/20/2013,6039882
5/20/2014,6228101
5/20/2015,6006719
5/20/2016,6235156
5/20/2017,6090503
5/20/2018,6037813
5/20/2019,6008808
5/20/2020,6034978
5/21/2010,6085303
5/21/2011,6072384
5/21/2012,6139087
5/21/2013,5975664
5/21/2014,6060421
5/21/2015,6180587
5/21/2016,6127053
5/21/2017,6036619
5/21/2018,5958165
5/21/2019,6140513
5/21/2020,6033481
5/22/2010,6164896
5/22/2011,6080425
5/22/2012,6100855
5/22/2013,6176508
5/22/2014,6085270
5/22/2015,6061111
5/22/2016,6204280
5/22/2017,6157748
5/22/2018,6164347
5/22/2019,5993105
5/22/2020,6122104
5/23/2010,6065101
5/23/2011,6150307
5/23/2012,6166889
5/23/2013,6138371
5/23/2014,6087449
5/23/2015,6149471
5/23/2016,6109099
5/23/2017,6137006
5/23/2018,6115846
5/23/2019,6203242
5/23/2020,6169086
5/24/2010,6097410
5/24/2011,6049568
5/24/2012,6233628
5/24/2013,6100983
5/24/2014,6037328
5/24/2015,6167763
5/24/2016,6150165
5/24/2017,6078552
5/24/2018,6074242
5/24/2019,6076268
5/24/2020,6213131
5/25/2010,6124434
5/25/2011,6044923
5/25/2012,6211985
5/25/2013,6091092
5/25/2014,6062289
5/25/2015,6113974
5/25/2016,6299415
5/25/2017,6105201
5/25/2018,6152881
5/25/2019,6115157
5/25/2020,6170528
5/26/2010,6132448
5/26/2011,6212509
5/26/2012,6036660
5/26/2013,6075731
5/26/2014,5939921
5/26/2015,6062357
5/26/2016,6220379
5/26/2017,6134069
5/26/2018,6127357
5/26/2019,6058210
5/26/2020,6100209
5/27/2010,6087191
5/27/2011,6183313
5/27/2012,6077838
5/27/2013,6080144
5/27/2014,6035187
5/27/2015,6173291
5/27/2016,6036048
5/27/2017,6116734
5/27/2018,6190179
5/27/2019,6099050
5/27/2020,5989300
5/28/2010,6091999
5/28/2011,5986633
5/28/2012,6052926
5/28/2013,6171373
5/28/2014,6053827
5/28/2015,6197083
5/28/2016,6003714
5/28/2017,6113636
5/28/2018,6138046
5/28/2019,6065539
5/28/2020,6134668
5/29/2010,6205612
5/29/2011,6178469
5/29/2012,6008519
5/29/2013,6134253
5/29/2014,6125837
5/29/2015,6139289
5/29/2016,5965658
5/29/2017,6220240
5/29/2018,6073079
5/29/2019,6180420
5/29/2020,6139763
5/3/2010,6181391
5/3/2011,5968116
5/3/2012,6137593
5/3/2013,6014072
5/3/2014,6168308
5/3/2015,6186238
5/3/2016,6128609
5/3/2017,6174433
5/3/2018,5998157
5/3/2019,6124164
5/3/2020,6239026
5/30/2010,6049173
5/30/2011,6067810
5/30/2012,6065471
5/30/2013,6044390
5/30/2014,6069853
5/30/2015,6057183
5/30/2016,5938393
5/30/2017,6133756
5/30/2018,6258542
5/30/2019,6042663
5/30/2020,6090564
5/31/2010,6083671
5/31/2011,6203116
5/31/2012,6164723
5/31/2013,6070489
5/31/2014,6169740
5/31/2015,6150457
5/31/2016,6168172
5/31/2017,6016509
5/31/2018,6065706
5/31/2019,6066048
5/31/2020,6113976
5/4/2010,6001636
5/4/2011,6053259
5/4/2012,6011665
5/4/2013,5973566
5/4/2014,6141959
5/4/2015,6224463
5/4/2016,6108064
5/4/2017,6136898
5/4/2018,5992400
5/4/2019,6077695
5/4/2020,6006864
5/5/2010,6081976
5/5/2011,6034287
5/5/2012,5946681
5/5/2013,6066670
5/5/2014,6071793
5/5/2015,6147445
5/5/2016,6122568
5/5/2017,6089040
5/5/2018,6185903
5/5/2019,5987875
5/5/2020,6279135
5/6/2010,6146467
5/6/2011,5994420
5/6/2012,6056308
5/6/2013,6188227
5/6/2014,6090630
5/6/2015,6116544
5/6/2016,6075523
5/6/2017,6080651
5/6/2018,6362742
5/6/2019,6021360
5/6/2020,6156252
5/7/2010,6035927
5/7/2011,6087031
5/7/2012,6083934
5/7/2013,6005465
5/7/2014,6127258
5/7/2015,6070187
5/7/2016,6031172
5/7/2017,5988901
5/7/2018,6143234
5/7/2019,6123562
5/7/2020,6114110
5/8/2010,6121077
5/8/2011,6100660
5/8/2012,5974641
5/8/2013,6125774
5/8/2014,6097147
5/8/2015,5988864
5/8/2016,6158566
5/8/2017,6001836
5/8/2018,6181070
5/8/2019,5905111
5/8/2020,6099729
5/9/2010,6027482
5/9/2011,6115746
5/9/2012,6247522
5/9/2013,6000227
5/9/2014,6015054
5/9/2015,6040996
5/9/2016,6212937
5/9/2017,6029495
5/9/2018,6055305
5/9/2019,6091302
5/9/2020,5971389
6/1/2010,6035286
6/1/2011,6092683
6/1/2012,6081895
6/1/2013,5929254
6/1/2014,6267891
6/1/2015,6023202
6/1/2016,6024839
6/1/2017,5942106
6/1/2018,6033885
6/1/2019,6121437
6/1/2020,6247720
6/10/2010,6073106
6/10/2011,6163512
6/10/2012,6080068
6/10/2013,6170311
6/10/2014,6074016
6/10/2015,6006765
6/10/2016,6117785
6/10/2017,6016328
6/10/2018,6004121
6/10/2019,6095551
6/10/2020,6160706
6/11/2010,6127289
6/11/2011,6112036
6/11/2012,6086674
6/11/2013,6214302
6/11/2014,6039839
6/11/2015,6128615
6/11/2016,5998403
6/11/2017,6100396
6/11/2018,6189543
6/11/2019,6045225
6/11/2020,6099315
6/12/2010,6093904
6/12/2011,6197613
6/12/2012,6036933
6/12/2013,6111698
6/12/2014,6110841
6/12/2015,6129258
6/12/2016,6028133
6/12/2017,6114965
6/12/2018,6103154
6/12/2019,6126861
6/12/2020,6139857
6/13/2010,5977561
6/13/2011,6140856
6/13/2012,6181590
6/13/2013,6055379
6/13/2014,6080979
6/13/2015,6068984
6/13/2016,6174882
6/13/2017,6019566
6/13/2018,6128857
6/13/2019,6121184
6/13/2020,6074628
6/14/2010,6249845
6/14/2011,6192129
6/14/2012,5939314
6/14/2013,6043497
6/14/2014,6061073
6/14/2015,5986757
6/14/2016,6058912
6/14/2017,6005586
6/14/2018,6135774
6/14/2019,6039650
6/14/2020,6146469
6/15/2010,6065049
6/15/2011,6130238
6/15/2012,6186119
6/15/2013,6042553
6/15/2014,6144270
6/15/2015,6038766
6/15/2016,6054376
6/15/2017,6098916
6/15/2018,5998400
6/15/2019,6081327
6/15/2020,6007130
6/16/2010,6107678
6/16/2011,6048504
6/16/2012,6088654
6/16/2013,6129998
6/16/2014,6066392
6/16/2015,5997443
6/16/2016,5984363
6/16/2017,6256206
6/16/2018,6066748
6/16/2019,6146858
6/16/2020,6086535
6/17/2010,6174049
6/17/2011,6075207
6/17/2012,6179026
6/17/2013,6058339
6/17/2014,6141115
6/17/2015,6045885
6/17/2016,6088189
6/17/2017,6161659
6/17/2018,6244159
6/17/2019,6186717
6/17/2020,5991062
6/18/2010,5883284
6/18/2011,6061467
6/18/2012,6189917
6/18/2013,6048168
6/18/2014,6078083
6/18/2015,6063044
6/18/2016,5905328
6/18/2017,6131955
6/18/2018,6077021
6/18/2019,6194175
6/18/2020,6023966
6/19/2010,6197045
6/19/2011,5984311
6/19/2012,6067982
6/19/2013,6179008
6/19/2014,6159965
6/19/2015,5979898
6/19/2016,6015269
6/19/2017,6020795
6/19/2018,5957859
6/19/2019,6044360
6/19/2020,6051705
6/2/2010,6052610
6/2/2011,6285140
6/2/2012,5984550
6/2/2013,5973408
6/2/2014,6156033
6/2/2015,6070983
6/2/2016,5997716
6/2/2017,6145808
6/2/2018,6211194
6/2/2019,5987835
6/2/2020,6044074
6/20/2010,6286868
6/20/2011,6167909
6/20/2012,6129745
6/20/2013,6145585
6/20/2014,6117986
6/20/2015,6166544
6/20/2016,6024085
6/20/2017,6092972
6/20/2018,6090769
6/20/2019,6097343
6/20/2020,6059995
6/21/2010,6258495
6/21/2011,6206287
6/21/2012,6044609
6/21/2013,6070386
6/21/2014,5989631
6/21/2015,6247842
6/21/2016,6029158
6/21/2017,6161315
6/21/2018,6157079
6/21/2019,6181484
6/21/2020,6141967
6/22/2010,6008589
6/22/2011,6117164
6/22/2012,5945575
6/22/2013,6105249
6/22/2014,6021941
6/22/2015,6112853
6/22/2016,6100042
6/22/2017,6201568
6/22/2018,6245685
6/22/2019,6120879
6/22/2020,6125974
6/23/2010,6046634
6/23/2011,6055788
6/23/2012,6035452
6/23/2013,6120587
6/23/2014,6186034
6/23/2015,6190113
6/23/2016,6109657
6/23/2017,6143470
6/23/2018,6089487
6/23/2019,6074282
6/23/2020,6126913
6/24/2010,6005090
6/24/2011,6029324
6/24/2012,6043643
6/24/2013,6154370
6/24/2014,6077353
6/24/2015,6187895
6/24/2016,6032939
6/24/2017,5949269
6/24/2018,6070305
6/24/2019,6134136
6/24/2020,6009751
6/25/2010,6047297
6/25/2011,6103101
6/25/2012,6122407
6/25/2013,6150022
6/25/2014,6055972
6/25/2015,6118365
6/25/2016,6011163
6/25/2017,6047708
6/25/2018,6077626
6/25/2019,6174145
6/25/2020,6165101
6/26/2010,6119163
6/26/2011,6194654
6/26/2012,6089365
6/26/2013,5995239
6/26/2014,6138152
6/26/2015,5989857
6/26/2016,6185456
6/26/2017,6049485
6/26/2018,6183657
6/26/2019,5987474
6/26/2020,6096749
6/27/2010,5983486
6/27/2011,6088163
6/27/2012,6120548
6/27/2013,6129716
6/27/2014,6025092
6/27/2015,6080304
6/27/2016,6151613
6/27/2017,6076945
6/27/2018,6142611
6/27/2019,6090298
6/27/2020,6181799
6/28/2010,6148841
6/28/2011,6076647
6/28/2012,6156574
6/28/2013,5951075
6/28/2014,6130202
6/28/2015,6068326
6/28/2016,6063682
6/28/2017,6159505
6/28/2018,6065354
6/28/2019,6099107
6/28/2020,6035874
6/29/2010,6104145
6/29/2011,5988248
6/29/2012,6094626
6/29/2013,6051283
6/29/2014,6169574
6/29/2015,6114604
6/29/2016,6222605
6/29/2017,6149424
6/29/2018,6148668
6/29/2019,6025910
6/29/2020,6045388
6/3/2010,6116789
6/3/2011,6045099
6/3/2012,6019016
6/3/2013,6000913
6/3/2014,6100208
6/3/2015,6128563
6/3/2016,6197998
6/3/2017,6122666
6/3/2018,6097953
6/3/2019,6107788
6/3/2020,5983340
6/30/2010,6108030
6/30/2011,6226971
6/30/2012,6110650
6/30/2013,6083260
6/30/2014,6077253
6/30/2015,6016661
6/30/2016,6130139
6/30/2017,5990431
6/30/2018,5897342
6/30/2019,6144534
6/30/2020,6118287
6/4/2010,6062232
6/4/2011,6045856
6/4/2012,6157913
6/4/2013,6111586
6/4/2014,6125874
6/4/2015,6189188
6/4/2016,6187218
6/4/2017,6179047
6/4/2018,6171460
6/4/2019,6238923
6/4/2020,6142447
6/5/2010,6099706
6/5/2011,6133029
6/5/2012,6111773
6/5/2013,5956707
6/5/2014,6061571
6/5/2015,5950184
6/5/2016,6067581
6/5/2017,6243321
6/5/2018,5961532
6/5/2019,6120343
6/5/2020,6138317
6/6/2010,6193567
6/6/2011,6122563
6/6/2012,6169593
6/6/2013,6118281
6/6/2014,6049071
6/6/2015,6176892
6/6/2016,5995257
6/6/2017,6213434
6/6/2018,6140270
6/6/2019,6078215
6/6/2020,6094099
6/7/2010,6090039
6/7/2011,6054797
6/7/2012,6185579
6/7/2013,6070699
6/7/2014,6137971
6/7/2015,6008774
6/7/2016,6059977
6/7/2017,6186365
6/7/2018,5956854
6/7/2019,6007587
6/7/2020,6001825
6/8/2010,6102988
6/8/2011,6088781
6/8/2012,6050598
6/8/2013,6120861
6/8/2014,5995404
6/8/2015,6287882
6/8/2016,6026488
6/8/2017,6203146
6/8/2018,6231834
6/8/2019,6108056
6/8/2020,6094381
6/9/2010,6093974
6/9/2011,5974154
6/9/2012,6013810
6/9/2013,6214460
6/9/2014,5955761
6/9/2015,6066250
6/9/2016,6108084
6/9/2017,6176620
6/9/2018,6020112
6/9/2019,6120734
6/9/2020,6088203
7/1/2010,6117428
7/1/2011,6059205
7/1/2012,5979785
7/1/2013,5982529
7/1/2014,6127358
7/1/2015,6054285
7/1/2016,6148665
7/1/2017,6106285
7/1/2018,6081554
7/1/2019,6086213
7/1/2020,6227828
7/10/2010,6065030
7/10/2011,6021314
7/10/2012,6177894
7/10/2013,5944096
7/10/2014,6018609
7/10/2015,6073255
7/10/2016,5998784
7/10/2017,6038077
7/10/2018,6055960
7/10/2019,6226592
7/10/2020,6021401
7/11/2010,6077277
7/11/2011,6010675
7/11/2012,6130203
7/11/2013,6010695
7/11/2014,6086368
7/11/2015,6067597
7/11/2016,6189976
7/11/2017,6105854
7/11/2018,6034727
7/11/2019,6125606
7/11/2020,5979775
7/12/2010,6112261
7/12/2011,6121501
7/12/2012,6197283
7/12/2013,6063789
7/12/2014,6046293
7/12/2015,5981769
7/12/2016,6106859
7/12/2017,6158408
7/12/2018,5981210
7/12/2019,6078719
7/12/2020,6109552
7/13/2010,6122571
7/13/2011,6074148
7/13/2012,6095598
7/13/2013,6073593
7/13/2014,6050196
7/13/2015,6100620
7/13/2016,6174062
7/13/2017,6076444
7/13/2018,6039856
7/13/2019,6137849
7/13/2020,6074431
7/14/2010,6026608
7/14/2011,5921932
7/14/2012,6031899
7/14/2013,6075376
7/14/2014,6018943
7/14/2015,6122521
7/14/2016,6137309
7/14/2017,6003045
7/14/2018,6112746
7/14/2019,6175572
7/14/2020,6079719
7/15/2010,6141267
7/15/2011,6114440
7/15/2012,6009863
7/15/2013,6140870
7/15/2014,6159391
7/15/2015,6050080
7/15/2016,6076653
7/15/2017,6241710
7/15/2018,6025496
7/15/2019,6057940
7/15/2020,6214466
7/16/2010,6095770
7/16/2011,6071652
7/16/2012,6045406
7/16/2013,6183907
7/16/2014,6070271
7/16/2015,6198641
7/16/2016,6066936
7/16/2017,6154596
7/16/2018,6016512
7/16/2019,6225266
7/16/2020,5970848
7/17/2010,6034247
7/17/2011,6121590
7/17/2012,6067416
7/17/2013,6163773
7/17/2014,5992636
7/17/2015,6137358
7/17/2016,6121343
7/17/2017,6219277
7/17/2018,6045590
7/17/2019,6059590
7/17/2020,6046130
7/18/2010,6107348
7/18/2011,6013631
7/18/2012,6140894
7/18/2013,6204571
7/18/2014,6176632
7/18/2015,6164093
7/18/2016,6063067
7/18/2017,6008272
7/18/2018,6178622
7/18/2019,6021093
7/18/2020,6132410
7/19/2010,6128109
7/19/2011,6098395
7/19/2012,6089664
7/19/2013,6181865
7/19/2014,6073216
7/19/2015,6046709
7/19/2016,6014941
7/19/2017,5974088
7/19/2018,6058895
7/19/2019,6144358
7/19/2020,6145337
7/2/2010,6197944
7/2/2011,6000276
7/2/2012,6080428
7/2/2013,6094827
7/2/2014,6095859
7/2/2015,6145515
7/2/2016,6167623
7/2/2017,6174369
7/2/2018,6205371
7/2/2019,6078287
7/2/2020,6122060
7/20/2010,6032886
7/20/2011,6062985
7/20/2012,6128640
7/20/2013,6046133
7/20/2014,6131746
7/20/2015,6021943
7/20/2016,6126058
7/20/2017,6031808
7/20/2018,6039039
7/20/2019,6116190
7/20/2020,6254591
7/21/2010,6041596
7/21/2011,6198588
7/21/2012,6083744
7/21/2013,6145984
7/21/2014,6101804
7/21/2015,6081501
7/21/2016,6082291
7/21/2017,6086570
7/21/2018,6199382
7/21/2019,6109316
7/21/2020,6250675
7/22/2010,6063298
7/22/2011,6185117
7/22/2012,6131564
7/22/2013,6135479
7/22/2014,6097776
7/22/2015,6106481
7/22/2016,6070960
7/22/2017,6108025
7/22/2018,6187699
7/22/2019,6104302
7/22/2020,6181463
7/23/2010,6251287
7/23/2011,6139079
7/23/2012,6181834
7/23/2013,6050295
7/23/2014,6162196
7/23/2015,6054726
7/23/2016,6171024
7/23/2017,6047660
7/23/2018,6174356
7/23/2019,6102273
7/23/2020,5998773
7/24/2010,6101359
7/24/2011,6072242
7/24/2012,6158032
7/24/2013,6043383
7/24/2014,6144380
7/24/2015,5985141
7/24/2016,6302446
7/24/2017,6124714
7/24/2018,6085470
7/24/2019,6175644
7/24/2020,6044618
7/25/2010,6241343
7/25/2011,5983646
7/25/2012,6109119
7/25/2013,6106157
7/25/2014,6157080
7/25/2015,6080703
7/25/2016,6157104
7/25/2017,6144685
7/25/2018,6090963
7/25/2019,6213376
7/25/2020,6176275
7/26/2010,6257884
7/26/2011,6017233
7/26/2012,6043894
7/26/2013,6148994
7/26/2014,6014348
7/26/2015,6086131
7/26/2016,6119008
7/26/2017,6135338
7/26/2018,5859093
7/26/2019,6123750
7/26/2020,6139187
7/27/2010,6062304
7/27/2011,6092568
7/27/2012,6034365
7/27/2013,6116041
7/27/2014,6068360
7/27/2015,6017530
7/27/2016,6207519
7/27/2017,6216992
7/27/2018,6157192
7/27/2019,6120052
7/27/2020,6139775
7/28/2010,6168758
7/28/2011,6066636
7/28/2012,6135443
7/28/2013,6110380
7/28/2014,6072261
7/28/2015,6063963
7/28/2016,6101190
7/28/2017,6036445
7/28/2018,6078844
7/28/2019,6220582
7/28/2020,5948930
7/29/2010,6139373
7/29/2011,6109613
7/29/2012,6135541
7/29/2013,6201766
7/29/2014,5984523
7/29/2015,6192730
7/29/2016,6145707
7/29/2017,6197352
7/29/2018,6191038
7/29/2019,6066754
7/29/2020,5974559
7/3/2010,6037706
7/3/2011,6251045
7/3/2012,6092027
7/3/2013,6060238
7/3/2014,6008431
7/3/2015,6152635
7/3/2016,6042158
7/3/2017,6094522
7/3/2018,6055032
7/3/2019,6220947
7/3/2020,6059669
7/30/2010,6169975
7/30/2011,6017748
7/30/2012,6050938
7/30/2013,6059153
7/30/2014,6095274
7/30/2015,6059948
7/30/2016,6082741
7/30/2017,6151184
7/30/2018,6089072
7/30/2019,6028919
7/30/2020,6104992
7/31/2010,6141668
7/31/2011,6119122
7/31/2012,6148580
7/31/2013,6216081
7/31/2014,6008364
7/31/2015,6247740
7/31/2016,6143653
7/31/2017,6026034
7/31/2018,6043624
7/31/2019,6021859
7/31/2020,6079756
7/4/2010,6083423
7/4/2011,5988302
7/4/2012,5985873
7/4/2013,6080012
7/4/2014,6134382
7/4/2015,6044221
7/4/2016,6129661
7/4/2017,6205783
7/4/2018,6117763
7/4/2019,6124190
7/4/2020,5941153
7/5/2010,6133644
7/5/2011,6001363
7/5/2012,6147953
7/5/2013,6068036
7/5/2014,5931822
7/5/2015,6079581
7/5/2016,6254526
7/5/2017,6196958
7/5/2018,6160677
7/5/2019,6094649
7/5/2020,6058529
7/6/2010,6067664
7/6/2011,6116136
7/6/2012,6129111
7/6/2013,6141022
7/6/2014,6130319
7/6/2015,6203265
7/6/2016,6133033
7/6/2017,5988948
7/6/2018,6159152
7/6/2019,6042398
7/6/2020,6061511
7/7/2010,6031096
7/7/2011,6125714
7/7/2012,6076662
7/7/2013,6180605
7/7/2014,6185926
7/7/2015,6122576
7/7/2016,6124105
7/7/2017,6063243
7/7/2018,6070942
7/7/2019,6018557
7/7/2020,6024013
7/8/2010,6126867
7/8/2011,6187635
7/8/2012,6112681
7/8/2013,6111754
7/8/2014,6213813
7/8/2015,5912930
7/8/2016,6094229
7/8/2017,6044913
7/8/2018,6156533
7/8/2019,6039650
7/8/2020,6011073
7/9/2010,6308935
7/9/2011,6122055
7/9/2012,6018966
7/9/2013,6067465
7/9/2014,6061291
7/9/2015,6126669
7/9/2016,6085448
7/9/2017,6147889
7/9/2018,6233771
7/9/2019,6185777
7/9/2020,6194638
8/1/2010,6070805
8/1/2011,6197921
8/1/2012,6034878
8/1/2013,6122741
8/1/2014,6083735
8/1/2015,6106544
8/1/2016,6075186
8/1/2017,6169801
8/1/2018,6143036
8/1/2019,6050037
8/1/2020,6077058
8/10/2010,6016267
8/10/2011,6060948
8/10/2012,6104674
8/10/2013,6128267
8/10/2014,6097702
8/10/2015,6072416
8/10/2016,6121007
8/10/2017,6078585
8/10/2018,6035050
8/10/2019,6047463
8/10/2020,6037332
8/11/2010,6125590
8/11/2011,6072648
8/11/2012,6136773
8/11/2013,6043780
8/11/2014,6091414
8/11/2015,6180684
8/11/2016,6053443
8/11/2017,6079359
8/11/2018,6197780
8/11/2019,6058800
8/11/2020,6053584
8/12/2010,6011247
8/12/2011,6229543
8/12/2012,6110088
8/12/2013,6062594
8/12/2014,6132922
8/12/2015,6128258
8/12/2016,6106971
8/12/2017,6196420
8/12/2018,6174779
8/12/2019,6101234
8/12/2020,6085729
8/13/2010,5962253
8/13/2011,6227545
8/13/2012,6058999
8/13/2013,6071628
8/13/2014,6127790
8/13/2015,6236675
8/13/2016,6140844
8/13/2017,6031674
8/13/2018,6125788
8/13/2019,5998022
8/13/2020,6138230
8/14/2010,6058920
8/14/2011,6092896
8/14/2012,5914901
8/14/2013,6029243
8/14/2014,6099847
8/14/2015,6071583
8/14/2016,6144764
8/14/2017,6110849
8/14/2018,6034298
8/14/2019,6153418
8/14/2020,6094742
8/15/2010,6183278
8/15/2011,6109066
8/15/2012,5991996
8/15/2013,6140595
8/15/2014,6003585
8/15/2015,6106028
8/15/2016,6083474
8/15/2017,6162925
8/15/2018,6115301
8/15/2019,6061723
8/15/2020,6203866
8/16/2010,6192045
8/16/2011,6070816
8/16/2012,6050510
8/16/2013,6011914
8/16/2014,6048872
8/16/2015,6049617
8/16/2016,6094302
8/16/2017,6044340
8/16/2018,6096223
8/16/2019,6065239
8/16/2020,6079696
8/17/2010,6079564
8/17/2011,5961677
8/17/2012,6082845
8/17/2013,6151287
8/17/2014,6211024
8/17/2015,5995814
8/17/2016,6075630
8/17/2017,6116847
8/17/2018,6132985
8/17/2019,6117461
8/17/2020,6175140
8/18/2010,6067780
8/18/2011,6065382
8/18/2012,6162252
8/18/2013,6078250
8/18/2014,6074175
8/18/2015,6102769
8/18/2016,6137988
8/18/2017,6084181
8/18/2018,6190527
8/18/2019,6196556
8/18/2020,6107452
8/19/2010,6083897
8/19/2011,6126465
8/19/2012,6129417
8/19/2013,6092949
8/19/2014,6149798
8/19/2015,6087844
8/19/2016,6101791
8/19/2017,6076997
8/19/2018,6133128
8/19/2019,6129392
8/19/2020,6091546
8/2/2010,6081493
8/2/2011,6141180
8/2/2012,6162646
8/2/2013,6097213
8/2/2014,6016992
8/2/2015,6093147
8/2/2016,6224103
8/2/2017,5939681
8/2/2018,6080615
8/2/2019,6087735
8/2/2020,6242944
8/20/2010,6184415
8/20/2011,6005785
8/20/2012,6095081
8/20/2013,6233478
8/20/2014,5999013
8/20/2015,6192631
8/20/2016,5964997
8/20/2017,6093148
8/20/2018,6117821
8/20/2019,6186328
8/20/2020,5837953
8/21/2010,6046001
8/21/2011,6074565
8/21/2012,5958069
8/21/2013,6091715
8/21/2014,6020481
8/21/2015,6197972
8/21/2016,6055486
8/21/2017,6048173
8/21/2018,5946166
8/21/2019,6109854
8/21/2020,6018480
8/22/2010,6131593
8/22/2011,6198445
8/22/2012,6082061
8/22/2013,6106060
8/22/2014,6126136
8/22/2015,6068119
8/22/2016,6073852
8/22/2017,6149538
8/22/2018,6107263
8/22/2019,6096934
8/22/2020,6132657
8/23/2010,6035285
8/23/2011,6079348
8/23/2012,6039081
8/23/2013,6010825
8/23/2014,6110378
8/23/2015,6169288
8/23/2016,6137052
8/23/2017,6209530
8/23/2018,6107043
8/23/2019,6077070
8/23/2020,6127351
8/24/2010,6089092
8/24/2011,6065210
8/24/2012,6174556
8/24/2013,6062939
8/24/2014,6036419
8/24/2015,6019264
8/24/2016,6155347
8/24/2017,6124861
8/24/2018,6044557
8/24/2019,6097960
8/24/2020,6242916
8/25/2010,6129683
8/25/2011,6171284
8/25/2012,6055909
8/25/2013,6160963
8/25/2014,6079180
8/25/2015,6157801
8/25/2016,6151318
8/25/2017,5925279
8/25/2018,6129642
8/25/2019,6065049
8/25/2020,6152391
8/26/2010,6095665
8/26/2011,6132870
8/26/2012,6222304
8/26/2013,6174635
8/26/2014,6123234
8/26/2015,6098973
8/26/2016,6111209
8/26/2017,6103995
8/26/2018,6086841
8/26/2019,6161395
8/26/2020,6135818
8/27/2010,6111239
8/27/2011,6179705
8/27/2012,6087621
8/27/2013,6013252
8/27/2014,6070259
8/27/2015,6070835
8/27/2016,6034179
8/27/2017,6001591
8/27/2018,6107554
8/27/2019,6091261
8/27/2020,6219088
8/28/2010,6177038
8/28/2011,6153724
8/28/2012,6162804
8/28/2013,5908523
8/28/2014,6088305
8/28/2015,6114932
8/28/2016,6166134
8/28/2017,6061975
8/28/2018,6161333
8/28/2019,6031397
8/28/2020,6102750
8/29/2010,6085540
8/29/2011,6144881
8/29/2012,6192718
8/29/2013,6106847
8/29/2014,6028289
8/29/2015,6053451
8/29/2016,6213878
8/29/2017,6065311
8/29/2018,6101813
8/29/2019,6047420
8/29/2020,6059051
8/3/2010,6111321
8/3/2011,6180945
8/3/2012,6099218
8/3/2013,5979643
8/3/2014,6220303
8/3/2015,5931448
8/3/2016,6071117
8/3/2017,6129221
8/3/2018,6175753
8/3/2019,5936481
8/3/2020,6224494
8/30/2010,6120384
8/30/2011,5932759
8/30/2012,6117160
8/30/2013,5979176
8/30/2014,6089879
8/30/2015,6131969
8/30/2016,6143291
8/30/2017,6063562
8/30/2018,6065060
8/30/2019,6136043
8/30/2020,6048233
8/31/2010,6080853
8/31/2011,6162056
8/31/2012,6056950
8/31/2013,6213885
8/31/2014,6132839
8/31/2015,6062382
8/31/2016,6039177
8/31/2017,6047233
8/31/2018,6094066
8/31/2019,6050322
8/31/2020,6153647
8/4/2010,6079811
8/4/2011,6254930
8/4/2012,6063344
8/4/2013,6015167
8/4/2014,6162222
8/4/2015,6104567
8/4/2016,6180166
8/4/2017,6006526
8/4/2018,6105428
8/4/2019,6092014
8/4/2020,6038109
8/5/2010,6020318
8/5/2011,6077787
8/5/2012,6077866
8/5/2013,6166909
8/5/2014,6222085
8/5/2015,6041191
8/5/2016,6032988
8/5/2017,6141170
8/5/2018,5938800
8/5/2019,6179969
8/5/2020,6022746
8/6/2010,6091598
8/6/2011,6058267
8/6/2012,6024516
8/6/2013,6013690
8/6/2014,6077820
8/6/2015,6262872
8/6/2016,6106994
8/6/2017,6165478
8/6/2018,6070375
8/6/2019,6205533
8/6/2020,6190488
8/7/2010,6046535
8/7/2011,6079820
8/7/2012,6072546
8/7/2013,6083922
8/7/2014,6161061
8/7/2015,6196246
8/7/2016,6018323
8/7/2017,6163690
8/7/2018,6138522
8/7/2019,6067744
8/7/2020,5989847
8/8/2010,6145311
8/8/2011,5987266
8/8/2012,6068593
8/8/2013,6053136
8/8/2014,6056029
8/8/2015,6125536
8/8/2016,6056409
8/8/2017,6089250
8/8/2018,6068483
8/8/2019,6045972
8/8/2020,6074020
8/9/2010,6156719
8/9/2011,6084871
8/9/2012,6113499
8/9/2013,6170870
8/9/2014,6029973
8/9/2015,6146368
8/9/2016,6106697
8/9/2017,6065247
8/9/2018,6161888
8/9/2019,6085473
8/9/2020,6149578
9/1/2010,6145443
9/1/2011,6146636
9/1/2012,6228639
9/1/2013,5980261
9/1/2014,6142803
9/1/2015,6002902
9/1/2016,5988085
9/1/2017,6216541
9/1/2018,5993165
9/1/2019,6187813
9/1/2020,6068785
9/10/2010,6153231
9/10/2011,6045857
9/10/2012,6112251
9/10/2013,6111227
9/10/2014,6224484
9/10/2015,5993048
9/10/2016,6084874
9/10/2017,6204922
9/10/2018,6044482
9/10/2019,6085255
9/10/2020,6020088
9/11/2010,6130441
9/11/2011,6098811
9/11/2012,6052537
9/11/2013,6050743
9/11/2014,6208403
9/11/2015,6129210
9/11/2016,6200555
9/11/2017,6167200
9/11/2018,6195714
9/11/2019,6098668
9/12/2010,6095167
9/12/2011,6151404
9/12/2012,6159526
9/12/2013,6105649
9/12/2014,6011861
9/12/2015,6121007
9/12/2016,6017614
9/12/2017,6075056
9/12/2018,6086545
9/12/2019,6166035
9/13/2010,6223856
9/13/2011,6062308
9/13/2012,6098311
9/13/2013,6167985
9/13/2014,6117968
9/13/2015,6025406
9/13/2016,6096668
9/13/2017,6124098
9/13/2018,6149067
9/13/2019,6209564
9/14/2010,6162265
9/14/2011,6150880
9/14/2012,6200910
9/14/2013,6126071
9/14/2014,6233135
9/14/2015,6101994
9/14/2016,6068166
9/14/2017,6132480
9/14/2018,5909260
9/14/2019,5978959
9/15/2010,6228641
9/15/2011,6102573
9/15/2012,6058741
9/15/2013,6082294
9/15/2014,6107715
9/15/2015,6164173
9/15/2016,6069877
9/15/2017,6113061
9/15/2018,6014051
9/15/2019,6037184
9/16/2010,6079948
9/16/2011,6206285
9/16/2012,5970652
9/16/2013,6003291
9/16/2014,6097858
9/16/2015,6257766
9/16/2016,5952788
9/16/2017,6178070
9/16/2018,6035125
9/16/2019,6245419
9/17/2010,6103739
9/17/2011,6023877
9/17/2012,6106148
9/17/2013,6080882
9/17/2014,6066644
9/17/2015,6127264
9/17/2016,6052964
9/17/2017,6254938
9/17/2018,6193533
9/17/2019,6041473
9/18/2010,6089560
9/18/2011,6182231
9/18/2012,6196976
9/18/2013,6168124
9/18/2014,6052567
9/18/2015,6073905
9/18/2016,6251012
9/18/2017,6082577
9/18/2018,6217174
9/18/2019,6094836
9/19/2010,6150172
9/19/2011,6147800
9/19/2012,6061466
9/19/2013,6112498
9/19/2014,6098876
9/19/2015,6148130
9/19/2016,6123996
9/19/2017,6059528
9/19/2018,6089870
9/19/2019,6094698
9/2/2010,6145075
9/2/2011,6216012
9/2/2012,6083991
9/2/2013,6146810
9/2/2014,6101141
9/2/2015,6055342
9/2/2016,6115666
9/2/2017,6151816
9/2/2018,6091923
9/2/2019,6149766
9/2/2020,6192448
9/20/2010,6082839
9/20/2011,6224903
9/20/2012,6197113
9/20/2013,6049190
9/20/2014,6144916
9/20/2015,6017041
9/20/2016,6072593
9/20/2017,6052581
9/20/2018,6088217
9/20/2019,6054169
9/21/2010,6098878
9/21/2011,6141857
9/21/2012,6028729
9/21/2013,6082632
9/21/2014,6001615
9/21/2015,6131064
9/21/2016,6124719
9/21/2017,6146781
9/21/2018,6102304
9/21/2019,6088031
9/22/2010,6026087
9/22/2011,6195391
9/22/2012,6076427
9/22/2013,6099636
9/22/2014,6235235
9/22/2015,6142401
9/22/2016,6086085
9/22/2017,6052729
9/22/2018,6071673
9/22/2019,6049444
9/23/2010,6024352
9/23/2011,6037627
9/23/2012,6075741
9/23/2013,6089922
9/23/2014,5998349
9/23/2015,5937539
9/23/2016,6053447
9/23/2017,6065668
9/23/2018,6139096
9/23/2019,6052321
9/24/2010,6061228
9/24/2011,6094002
9/24/2012,6033717
9/24/2013,5962303
9/24/2014,6154539
9/24/2015,6035364
9/24/2016,6128847
9/24/2017,6096840
9/24/2018,6097443
9/24/2019,6147551
9/25/2010,6061066
9/25/2011,6117711
9/25/2012,6104872
9/25/2013,6168598
9/25/2014,6184633
9/25/2015,6038521
9/25/2016,6126442
9/25/2017,6026456
9/25/2018,6027670
9/25/2019,6123109
9/26/2010,6206677
9/26/2011,6050719
9/26/2012,6103212
9/26/2013,6053099
9/26/2014,6058900
9/26/2015,6089248
9/26/2016,6067947
9/26/2017,6058924
9/26/2018,6059385
9/26/2019,6110512
9/27/2010,6199030
9/27/2011,6054569
9/27/2012,5943525
9/27/2013,5954570
9/27/2014,6108305
9/27/2015,6164276
9/27/2016,5999664
9/27/2017,5965967
9/27/2018,6014584
9/27/2019,6069953
9/28/2010,6104966
9/28/2011,6164902
9/28/2012,5974060
9/28/2013,6198822
9/28/2014,6082397
9/28/2015,6050397
9/28/2016,6060012
9/28/2017,6016377
9/28/2018,6204626
9/28/2019,5969543
9/29/2010,5980140
9/29/2011,6154366
9/29/2012,5971615
9/29/2013,6183471
9/29/2014,6150493
9/29/2015,6032318
9/29/2016,6190700
9/29/2017,6160691
9/29/2018,6143591
9/29/2019,6081222
9/3/2010,6276184
9/3/2011,6096476
9/3/2012,6037858
9/3/2013,5965660
9/3/2014,6093090
9/3/2015,5968500
9/3/2016,6028203
9/3/2017,6229123
9/3/2018,6163327
9/3/2019,6212493
9/3/2020,6017254
9/30/2010,6053592
9/30/2011,6153282
9/30/2012,6115383
9/30/2013,6112050
9/30/2014,6034403
9/30/2015,6133330
9/30/2016,6022515
9/30/2017,6090552
9/30/2018,6123316
9/30/2019,6106934
9/4/2010,6066509
9/4/2011,6130526
9/4/2012,6033030
9/4/2013,6137981
9/4/2014,6119056
9/4/2015,6122675
9/4/2016,6117570
9/4/2017,6160389
9/4/2018,6101337
9/4/2019,6076772
9/4/2020,6070830
9/5/2010,6040642
9/5/2011,6135057
9/5/2012,6055394
9/5/2013,6066472
9/5/2014,6132745
9/5/2015,6126196
9/5/2016,6039819
9/5/2017,6024277
9/5/2018,6118003
9/5/2019,6118034
9/5/2020,6114047
9/6/2010,6087229
9/6/2011,6153416
9/6/2012,6108634
9/6/2013,6038513
9/6/2014,6057502
9/6/2015,6186741
9/6/2016,6120013
9/6/2017,6134194
9/6/2018,6031862
9/6/2019,6061723
9/6/2020,6042671
9/7/2010,6126743
9/7/2011,6150279
9/7/2012,6016698
9/7/2013,6184928
9/7/2014,6071751
9/7/2015,6231798
9/7/2016,6070469
9/7/2017,6128388
9/7/2018,6268052
9/7/2019,6034107
9/7/2020,6132598
9/8/2010,6005278
9/8/2011,6141633
9/8/2012,5989779
9/8/2013,6013176
9/8/2014,6115676
9/8/2015,6105254
9/8/2016,6140182
9/8/2017,6074840
9/8/2018,6106532
9/8/2019,6029182
9/8/2020,6133659
9/9/2010,6029418
9/9/2011,6198416
9/9/2012,6039495
9/9/2013,5973974
9/9/2014,6104853
9/9/2015,6018348
9/9/2016,6110086
9/9/2017,6156145
9/9/2018,6102099
9/9/2019,6194093
9/9/2020,6076128
