Country,Calendar Year,units_sold
Afghanistan,2010,12119020
Afghanistan,2011,11911329
Afghanistan,2012,12174807
Afghanistan,2013,12120632
Afghanistan,2014,12257455
Afghanistan,2015,12096838
Afghanistan,2016,12023898
Afghanistan,2017,12423881
Afghanistan,2018,11877497
Afghanistan,2019,12033163
Afghanistan,2020,8404291
Albania,2010,11956536
Albania,2011,11948832
Albania,2012,12061054
Albania,2013,11895990
Albania,2014,12176624
Albania,2015,11960422
Albania,2016,12083882
Albania,2017,12016864
Albania,2018,12066532
Albania,2019,11863207
Albania,2020,8485867
Algeria,2010,12256900
Algeria,2011,11921501
Algeria,2012,12097280
Algeria,2013,12092890
Algeria,2014,11931468
Algeria,2015,12083673
Algeria,2016,11812495
Algeria,2017,12028042
Algeria,2018,12056915
Algeria,2019,11977216
Algeria,2020,8326930
Andorra,2010,12237198
Andorra,2011,12004356
Andorra,2012,12180278
Andorra,2013,12080913
Andorra,2014,12119300
Andorra,2015,12024346
Andorra,2016,12161580
Andorra,2017,12288632
Andorra,2018,12053944
Andorra,2019,11818582
Andorra,2020,8340124
Angola,2010,11952136
Angola,2011,12330623
Angola,2012,11807696
Angola,2013,12181692
Angola,2014,11875980
Angola,2015,12069700
Angola,2016,11907158
Angola,2017,11890788
Angola,2018,12147928
Angola,2019,12102064
Angola,2020,8281739
Antigua and Barbuda ,2010,12024784
Antigua and Barbuda ,2011,11999490
Antigua and Barbuda ,2012,12278722
Antigua and Barbuda ,2013,12076828
Antigua and Barbuda ,2014,11802214
Antigua and Barbuda ,2015,12188916
Antigua and Barbuda ,2016,11925950
Antigua and Barbuda ,2017,12028922
Antigua and Barbuda ,2018,12166626
Antigua and Barbuda ,2019,11919030
Antigua and Barbuda ,2020,8503648
Armenia,2010,12069749
Armenia,2011,12095638
Armenia,2012,12090243
Armenia,2013,11956236
Armenia,2014,12032891
Armenia,2015,12231852
Armenia,2016,12141949
Armenia,2017,12002441
Armenia,2018,12272880
Armenia,2019,11848680
Armenia,2020,8277107
Australia,2010,11989916
Australia,2011,12074984
Australia,2012,12069320
Australia,2013,11848064
Australia,2014,12146163
Australia,2015,11885741
Australia,2016,12024242
Australia,2017,12229197
Australia,2018,12029199
Australia,2019,11984415
Australia,2020,8312742
Austria,2010,11782470
Austria,2011,12202244
Austria,2012,12148104
Austria,2013,12118082
Austria,2014,11997082
Austria,2015,11795024
Austria,2016,12135459
Austria,2017,12052972
Austria,2018,12096648
Austria,2019,12211948
Austria,2020,8341752
Azerbaijan,2010,12083800
Azerbaijan,2011,12035307
Azerbaijan,2012,11713345
Azerbaijan,2013,12139922
Azerbaijan,2014,11890290
Azerbaijan,2015,12211907
Azerbaijan,2016,11932657
Azerbaijan,2017,11891486
Azerbaijan,2018,12226293
Azerbaijan,2019,11913860
Azerbaijan,2020,8301895
Bahrain,2010,11809182
Bahrain,2011,12194924
Bahrain,2012,12199593
Bahrain,2013,11952258
Bahrain,2014,12117075
Bahrain,2015,11979960
Bahrain,2016,11934343
Bahrain,2017,11905527
Bahrain,2018,11991211
Bahrain,2019,12126333
Bahrain,2020,8202546
Bangladesh,2010,12236710
Bangladesh,2011,11881418
Bangladesh,2012,12010127
Bangladesh,2013,11972319
Bangladesh,2014,11862598
Bangladesh,2015,12111988
Bangladesh,2016,12181645
Bangladesh,2017,11907025
Bangladesh,2018,11876815
Bangladesh,2019,11956659
Bangladesh,2020,8430683
Barbados,2010,11931841
Barbados,2011,12047578
Barbados,2012,12062430
Barbados,2013,12075102
Barbados,2014,12060731
Barbados,2015,11839037
Barbados,2016,12111255
Barbados,2017,12133631
Barbados,2018,11925975
Barbados,2019,12081150
Barbados,2020,8363082
Belarus,2010,11974370
Belarus,2011,12088695
Belarus,2012,12040673
Belarus,2013,11740787
Belarus,2014,12036968
Belarus,2015,11876101
Belarus,2016,11842088
Belarus,2017,12113340
Belarus,2018,11819397
Belarus,2019,12002122
Belarus,2020,8363343
Belgium,2010,12052639
Belgium,2011,11893773
Belgium,2012,12206557
Belgium,2013,11914270
Belgium,2014,11887574
Belgium,2015,11828142
Belgium,2016,11948107
Belgium,2017,12219585
Belgium,2018,11903849
Belgium,2019,11928360
Belgium,2020,8373960
Belize,2010,12065397
Belize,2011,11980729
Belize,2012,12024889
Belize,2013,11858118
Belize,2014,12350280
Belize,2015,12108774
Belize,2016,12175991
Belize,2017,12089437
Belize,2018,11874985
Belize,2019,12148091
Belize,2020,8498720
Benin,2010,11998071
Benin,2011,12179534
Benin,2012,12110854
Benin,2013,11928146
Benin,2014,12203317
Benin,2015,11900264
Benin,2016,12160529
Benin,2017,11844394
Benin,2018,11937635
Benin,2019,12279145
Benin,2020,8380047
Bhutan,2010,12170919
Bhutan,2011,11950677
Bhutan,2012,11928949
Bhutan,2013,12101338
Bhutan,2014,11955481
Bhutan,2015,12051916
Bhutan,2016,12197358
Bhutan,2017,12049332
Bhutan,2018,12067449
Bhutan,2019,11891462
Bhutan,2020,8352196
Bosnia and Herzegovina,2010,12225717
Bosnia and Herzegovina,2011,12027106
Bosnia and Herzegovina,2012,11915758
Bosnia and Herzegovina,2013,12104756
Bosnia and Herzegovina,2014,12023725
Bosnia and Herzegovina,2015,12286466
Bosnia and Herzegovina,2016,11926928
Bosnia and Herzegovina,2017,11931960
Bosnia and Herzegovina,2018,12185704
Bosnia and Herzegovina,2019,11916425
Bosnia and Herzegovina,2020,8409555
Botswana,2010,12063672
Botswana,2011,11855504
Botswana,2012,12160770
Botswana,2013,12061221
Botswana,2014,11831710
Botswana,2015,12047325
Botswana,2016,12012040
Botswana,2017,11977043
Botswana,2018,11928854
Botswana,2019,12232964
Botswana,2020,8377947
Brunei,2010,11981640
Brunei,2011,12192384
Brunei,2012,12006118
Brunei,2013,11872644
Brunei,2014,11938920
Brunei,2015,12151290
Brunei,2016,12215780
Brunei,2017,12073168
Brunei,2018,12166612
Brunei,2019,12012359
Brunei,2020,8390830
Bulgaria,2010,11975219
Bulgaria,2011,12063220
Bulgaria,2012,11902135
Bulgaria,2013,12225194
Bulgaria,2014,12185145
Bulgaria,2015,11926594
Bulgaria,2016,12051676
Bulgaria,2017,11986013
Bulgaria,2018,12268856
Bulgaria,2019,11993420
Bulgaria,2020,8275855
Burkina Faso,2010,11975964
Burkina Faso,2011,11976879
Burkina Faso,2012,12209078
Burkina Faso,2013,12075453
Burkina Faso,2014,11994270
Burkina Faso,2015,12244218
Burkina Faso,2016,12182039
Burkina Faso,2017,12050626
Burkina Faso,2018,11956890
Burkina Faso,2019,11873756
Burkina Faso,2020,8398439
Burundi,2010,12058876
Burundi,2011,12030206
Burundi,2012,11744834
Burundi,2013,11898854
Burundi,2014,12193279
Burundi,2015,11993417
Burundi,2016,12129863
Burundi,2017,11900155
Burundi,2018,12251677
Burundi,2019,11857929
Burundi,2020,8384487
Cambodia,2010,11909396
Cambodia,2011,12058460
Cambodia,2012,11995210
Cambodia,2013,12031036
Cambodia,2014,12284431
Cambodia,2015,12008786
Cambodia,2016,12126891
Cambodia,2017,12137025
Cambodia,2018,11980403
Cambodia,2019,12084410
Cambodia,2020,8254270
Cameroon,2010,11875270
Cameroon,2011,12247933
Cameroon,2012,12092225
Cameroon,2013,12054473
Cameroon,2014,12133506
Cameroon,2015,11790388
Cameroon,2016,11950208
Cameroon,2017,12095941
Cameroon,2018,12204211
Cameroon,2019,11826833
Cameroon,2020,8209497
Canada,2010,12042592
Canada,2011,12022884
Canada,2012,12113627
Canada,2013,12080120
Canada,2014,11875031
Canada,2015,12157796
Canada,2016,12110019
Canada,2017,12025229
Canada,2018,12075883
Canada,2019,11842661
Canada,2020,8274618
Cape Verde,2010,11960140
Cape Verde,2011,11963396
Cape Verde,2012,12182701
Cape Verde,2013,11826985
Cape Verde,2014,12412396
Cape Verde,2015,12080517
Cape Verde,2016,12028034
Cape Verde,2017,12049266
Cape Verde,2018,12059517
Cape Verde,2019,11916958
Cape Verde,2020,8332808
Central African Republic,2010,11917202
Central African Republic,2011,12072275
Central African Republic,2012,12156032
Central African Republic,2013,11833190
Central African Republic,2014,11855036
Central African Republic,2015,12114553
Central African Republic,2016,12197027
Central African Republic,2017,12152822
Central African Republic,2018,12141411
Central African Republic,2019,11998691
Central African Republic,2020,8278014
Chad,2010,12118136
Chad,2011,11958004
Chad,2012,12083823
Chad,2013,12088321
Chad,2014,11688070
Chad,2015,12216879
Chad,2016,12009312
Chad,2017,11956380
Chad,2018,11953932
Chad,2019,12131801
Chad,2020,8510947
China,2010,12008219
China,2011,12184128
China,2012,12212540
China,2013,11825133
China,2014,11919813
China,2015,12023368
China,2016,12087838
China,2017,12015667
China,2018,12009177
China,2019,12095287
China,2020,8444982
Comoros,2010,11871927
Comoros,2011,12000511
Comoros,2012,12190057
Comoros,2013,12090136
Comoros,2014,11931037
Comoros,2015,11831431
Comoros,2016,12264271
Comoros,2017,11999809
Comoros,2018,12059109
Comoros,2019,12010858
Comoros,2020,8337725
Costa Rica,2010,12053131
Costa Rica,2011,12130129
Costa Rica,2012,12247678
Costa Rica,2013,12024045
Costa Rica,2014,12084489
Costa Rica,2015,12069870
Costa Rica,2016,11946954
Costa Rica,2017,12199190
Costa Rica,2018,11971878
Costa Rica,2019,12128618
Costa Rica,2020,8220329
Cote d'Ivoire,2010,12128560
Cote d'Ivoire,2011,11983540
Cote d'Ivoire,2012,12365259
Cote d'Ivoire,2013,11974771
Cote d'Ivoire,2014,12023155
Cote d'Ivoire,2015,12330232
Cote d'Ivoire,2016,11965549
Cote d'Ivoire,2017,12039622
Cote d'Ivoire,2018,12011769
Cote d'Ivoire,2019,11815188
Cote d'Ivoire,2020,8383030
Croatia,2010,11946393
Croatia,2011,12088577
Croatia,2012,11949684
Croatia,2013,11759194
Croatia,2014,12241237
Croatia,2015,11890639
Croatia,2016,12256829
Croatia,2017,12052231
Croatia,2018,11968266
Croatia,2019,12066283
Croatia,2020,8352365
Cuba,2010,11979229
Cuba,2011,11892741
Cuba,2012,12205727
Cuba,2013,12007130
Cuba,2014,12019303
Cuba,2015,12211608
Cuba,2016,12101834
Cuba,2017,11773443
Cuba,2018,12195753
Cuba,2019,12020414
Cuba,2020,8391415
Cyprus,2010,11990505
Cyprus,2011,11807964
Cyprus,2012,12134257
Cyprus,2013,11823638
Cyprus,2014,12059728
Cyprus,2015,12000918
Cyprus,2016,12067818
Cyprus,2017,11995047
Cyprus,2018,12061735
Cyprus,2019,12140057
Cyprus,2020,8461399
Czech Republic,2010,12057287
Czech Republic,2011,11933503
Czech Republic,2012,12227829
Czech Republic,2013,12026110
Czech Republic,2014,11831028
Czech Republic,2015,12194219
Czech Republic,2016,12016868
Czech Republic,2017,12235341
Czech Republic,2018,11948167
Czech Republic,2019,12092220
Czech Republic,2020,8378901
Democratic Republic of the Congo,2010,12174649
Democratic Republic of the Congo,2011,12071392
Democratic Republic of the Congo,2012,12017585
Democratic Republic of the Congo,2013,11944364
Democratic Republic of the Congo,2014,12047001
Democratic Republic of the Congo,2015,11975657
Democratic Republic of the Congo,2016,11926566
Democratic Republic of the Congo,2017,12195399
Democratic Republic of the Congo,2018,11945318
Democratic Republic of the Congo,2019,12093831
Democratic Republic of the Congo,2020,8217482
Denmark,2010,12029253
Denmark,2011,11943306
Denmark,2012,12094198
Denmark,2013,12042248
Denmark,2014,11943765
Denmark,2015,11915572
Denmark,2016,12098496
Denmark,2017,11959036
Denmark,2018,12015288
Denmark,2019,11843256
Denmark,2020,8421071
Djibouti,2010,11907443
Djibouti,2011,12100006
Djibouti,2012,12040759
Djibouti,2013,12226073
Djibouti,2014,11975375
Djibouti,2015,12044634
Djibouti,2016,11857207
Djibouti,2017,11999264
Djibouti,2018,12115014
Djibouti,2019,11884751
Djibouti,2020,8220396
Dominica,2010,11804282
Dominica,2011,12036570
Dominica,2012,11971683
Dominica,2013,12258912
Dominica,2014,11886902
Dominica,2015,12113337
Dominica,2016,12173533
Dominica,2017,11965748
Dominica,2018,12202519
Dominica,2019,12098630
Dominica,2020,8487596
Dominican Republic,2010,11995168
Dominican Republic,2011,12089605
Dominican Republic,2012,12144158
Dominican Republic,2013,11892909
Dominican Republic,2014,12098005
Dominican Republic,2015,11934082
Dominican Republic,2016,12118767
Dominican Republic,2017,12122018
Dominican Republic,2018,11741252
Dominican Republic,2019,12018911
Dominican Republic,2020,8284150
East Timor,2010,12189428
East Timor,2011,12027525
East Timor,2012,11993068
East Timor,2013,12098846
East Timor,2014,12009030
East Timor,2015,12149321
East Timor,2016,11951088
East Timor,2017,12225067
East Timor,2018,11904407
East Timor,2019,12124078
East Timor,2020,8387060
Egypt,2010,11820762
Egypt,2011,12199192
Egypt,2012,12086897
Egypt,2013,11668505
Egypt,2014,12240197
Egypt,2015,12287616
Egypt,2016,12115874
Egypt,2017,11996860
Egypt,2018,11889903
Egypt,2019,12174597
Egypt,2020,8455722
El Salvador,2010,11975385
El Salvador,2011,11968436
El Salvador,2012,12136977
El Salvador,2013,12153488
El Salvador,2014,12099611
El Salvador,2015,11961886
El Salvador,2016,11985852
El Salvador,2017,12149348
El Salvador,2018,11922901
El Salvador,2019,12138279
El Salvador,2020,8276996
Equatorial Guinea,2010,12087343
Equatorial Guinea,2011,11969730
Equatorial Guinea,2012,12106616
Equatorial Guinea,2013,12017370
Equatorial Guinea,2014,12026790
Equatorial Guinea,2015,11939859
Equatorial Guinea,2016,12181000
Equatorial Guinea,2017,11964228
Equatorial Guinea,2018,11899143
Equatorial Guinea,2019,12168445
Equatorial Guinea,2020,8341110
Eritrea,2010,11911829
Eritrea,2011,11994061
Eritrea,2012,12232695
Eritrea,2013,12072398
Eritrea,2014,12061083
Eritrea,2015,12015013
Eritrea,2016,12241515
Eritrea,2017,12067618
Eritrea,2018,11885219
Eritrea,2019,12008386
Eritrea,2020,8547025
Estonia,2010,11862734
Estonia,2011,12177491
Estonia,2012,11814120
Estonia,2013,12118691
Estonia,2014,12155169
Estonia,2015,12033027
Estonia,2016,11921095
Estonia,2017,12023008
Estonia,2018,12063641
Estonia,2019,12098623
Estonia,2020,8279607
Ethiopia,2010,12179354
Ethiopia,2011,11971727
Ethiopia,2012,12046516
Ethiopia,2013,11826997
Ethiopia,2014,12096251
Ethiopia,2015,11990253
Ethiopia,2016,11974478
Ethiopia,2017,12097023
Ethiopia,2018,12228127
Ethiopia,2019,12038456
Ethiopia,2020,8234487
Federated States of Micronesia,2010,12104335
Federated States of Micronesia,2011,11949462
Federated States of Micronesia,2012,12103289
Federated States of Micronesia,2013,12207375
Federated States of Micronesia,2014,12305138
Federated States of Micronesia,2015,11970986
Federated States of Micronesia,2016,12029526
Federated States of Micronesia,2017,12097557
Federated States of Micronesia,2018,11960469
Federated States of Micronesia,2019,12003831
Federated States of Micronesia,2020,8440300
Fiji,2010,12104461
Fiji,2011,12047142
Fiji,2012,11997291
Fiji,2013,12073200
Fiji,2014,11965862
Fiji,2015,12030788
Fiji,2016,12021856
Fiji,2017,11966415
Fiji,2018,12123371
Fiji,2019,12095014
Fiji,2020,8263927
Finland,2010,11967857
Finland,2011,12178922
Finland,2012,12064754
Finland,2013,11924457
Finland,2014,12003484
Finland,2015,11855285
Finland,2016,12071139
Finland,2017,12052589
Finland,2018,12078181
Finland,2019,12145772
Finland,2020,8253167
France,2010,12305708
France,2011,11990344
France,2012,12224536
France,2013,11976642
France,2014,12036397
France,2015,12174842
France,2016,11986057
France,2017,12017817
France,2018,11952010
France,2019,11997360
France,2020,8351745
Gabon,2010,12235420
Gabon,2011,12087682
Gabon,2012,12337110
Gabon,2013,11998445
Gabon,2014,11852811
Gabon,2015,12256202
Gabon,2016,11974247
Gabon,2017,11964486
Gabon,2018,12167388
Gabon,2019,11862878
Gabon,2020,8168913
Georgia,2010,12068086
Georgia,2011,12024327
Georgia,2012,12082718
Georgia,2013,12163262
Georgia,2014,11758697
Georgia,2015,12287014
Georgia,2016,12018219
Georgia,2017,12109181
Georgia,2018,12033742
Georgia,2019,12006087
Georgia,2020,8434370
Germany,2010,12183446
Germany,2011,12189125
Germany,2012,11920388
Germany,2013,12245255
Germany,2014,12060026
Germany,2015,12035953
Germany,2016,12100332
Germany,2017,12038933
Germany,2018,12183035
Germany,2019,11996797
Germany,2020,8346567
Ghana,2010,11966754
Ghana,2011,12186748
Ghana,2012,12009455
Ghana,2013,12088364
Ghana,2014,11843343
Ghana,2015,11908657
Ghana,2016,12125139
Ghana,2017,11980182
Ghana,2018,12109802
Ghana,2019,12046415
Ghana,2020,8321348
Greece,2010,11806052
Greece,2011,12185295
Greece,2012,12187744
Greece,2013,12150878
Greece,2014,12137458
Greece,2015,11961061
Greece,2016,12179721
Greece,2017,11975994
Greece,2018,11992228
Greece,2019,12044445
Greece,2020,8502095
Greenland,2010,11903123
Greenland,2011,12179692
Greenland,2012,11673226
Greenland,2013,12066902
Greenland,2014,12147204
Greenland,2015,12082190
Greenland,2016,12187576
Greenland,2017,12025574
Greenland,2018,12049991
Greenland,2019,11965555
Greenland,2020,8481364
Grenada,2010,12136677
Grenada,2011,12003025
Grenada,2012,11851014
Grenada,2013,12092117
Grenada,2014,12056597
Grenada,2015,12177305
Grenada,2016,12021672
Grenada,2017,12018793
Grenada,2018,12102245
Grenada,2019,11737325
Grenada,2020,8434975
Guatemala,2010,12016753
Guatemala,2011,12097514
Guatemala,2012,12080753
Guatemala,2013,12224253
Guatemala,2014,12295879
Guatemala,2015,11891046
Guatemala,2016,12051491
Guatemala,2017,11833899
Guatemala,2018,12311296
Guatemala,2019,12052959
Guatemala,2020,8165412
Guinea,2010,12003816
Guinea,2011,11842150
Guinea,2012,11968373
Guinea,2013,11893324
Guinea,2014,12081034
Guinea,2015,11914889
Guinea,2016,11993662
Guinea,2017,12091157
Guinea,2018,11877376
Guinea,2019,12138871
Guinea,2020,8496081
Guinea-Bissau,2010,12192038
Guinea-Bissau,2011,11813771
Guinea-Bissau,2012,12006755
Guinea-Bissau,2013,11986305
Guinea-Bissau,2014,12155237
Guinea-Bissau,2015,11961001
Guinea-Bissau,2016,11889936
Guinea-Bissau,2017,12349174
Guinea-Bissau,2018,12263045
Guinea-Bissau,2019,12036421
Guinea-Bissau,2020,8361137
Haiti,2010,12040005
Haiti,2011,12233528
Haiti,2012,12132066
Haiti,2013,12180004
Haiti,2014,11941195
Haiti,2015,11914636
Haiti,2016,11943754
Haiti,2017,11873797
Haiti,2018,12182819
Haiti,2019,12114810
Haiti,2020,8327204
Honduras,2010,11912359
Honduras,2011,12024040
Honduras,2012,12103552
Honduras,2013,11931090
Honduras,2014,12098860
Honduras,2015,11945645
Honduras,2016,12101289
Honduras,2017,11999543
Honduras,2018,11797633
Honduras,2019,12226329
Honduras,2020,8304464
Hungary,2010,11951227
Hungary,2011,12200640
Hungary,2012,11950600
Hungary,2013,11751257
Hungary,2014,12031595
Hungary,2015,11971072
Hungary,2016,12274421
Hungary,2017,11964258
Hungary,2018,11890333
Hungary,2019,12263174
Hungary,2020,8228740
Iceland,2010,11960521
Iceland,2011,11905995
Iceland,2012,12323622
Iceland,2013,11927157
Iceland,2014,12216853
Iceland,2015,12142726
Iceland,2016,12094385
Iceland,2017,11892979
Iceland,2018,11970909
Iceland,2019,12058802
Iceland,2020,8362635
India,2010,12033841
India,2011,11971013
India,2012,12131870
India,2013,12044648
India,2014,12061526
India,2015,12184265
India,2016,11955176
India,2017,11974861
India,2018,12086671
India,2019,11912851
India,2020,8402623
Indonesia,2010,12025582
Indonesia,2011,12069426
Indonesia,2012,12154189
Indonesia,2013,11985552
Indonesia,2014,12093685
Indonesia,2015,11938965
Indonesia,2016,12133077
Indonesia,2017,11829692
Indonesia,2018,12077415
Indonesia,2019,12112697
Indonesia,2020,8460793
Iran,2010,12128880
Iran,2011,12002976
Iran,2012,12285880
Iran,2013,12206225
Iran,2014,12153200
Iran,2015,12025521
Iran,2016,11872651
Iran,2017,12005833
Iran,2018,11873001
Iran,2019,11958334
Iran,2020,8419570
Iraq,2010,12257550
Iraq,2011,12083546
Iraq,2012,11890108
Iraq,2013,12024610
Iraq,2014,11775916
Iraq,2015,12174654
Iraq,2016,12230058
Iraq,2017,12012347
Iraq,2018,12164909
Iraq,2019,11918405
Iraq,2020,8368983
Ireland,2010,12120881
Ireland,2011,12108523
Ireland,2012,12123261
Ireland,2013,12053050
Ireland,2014,11838691
Ireland,2015,12176698
Ireland,2016,12068446
Ireland,2017,11859093
Ireland,2018,11869685
Ireland,2019,12168639
Ireland,2020,8474903
Israel,2010,12197535
Israel,2011,12043312
Israel,2012,11839851
Israel,2013,11961156
Israel,2014,12115953
Israel,2015,11999911
Israel,2016,12159257
Israel,2017,12027997
Israel,2018,12158733
Israel,2019,12173820
Israel,2020,8229559
Italy,2010,12008444
Italy,2011,11998058
Italy,2012,11923067
Italy,2013,12109968
Italy,2014,12089721
Italy,2015,12129115
Italy,2016,12226872
Italy,2017,11858815
Italy,2018,12330895
Italy,2019,12116346
Italy,2020,8351315
Jamaica,2010,12228462
Jamaica,2011,11999755
Jamaica,2012,12201416
Jamaica,2013,12102440
Jamaica,2014,11993448
Jamaica,2015,12086686
Jamaica,2016,12054466
Jamaica,2017,12089429
Jamaica,2018,12025230
Jamaica,2019,12155704
Jamaica,2020,8324956
Japan,2010,11851326
Japan,2011,12090696
Japan,2012,11938836
Japan,2013,12030812
Japan,2014,11937889
Japan,2015,11701924
Japan,2016,12162552
Japan,2017,12081655
Japan,2018,12222653
Japan,2019,11865997
Japan,2020,8420153
Jordan,2010,12103430
Jordan,2011,12110784
Jordan,2012,12002418
Jordan,2013,11869502
Jordan,2014,12069331
Jordan,2015,12043183
Jordan,2016,12128396
Jordan,2017,11967995
Jordan,2018,12008653
Jordan,2019,12238638
Jordan,2020,8340886
Kazakhstan,2010,12208930
Kazakhstan,2011,12173231
Kazakhstan,2012,12215299
Kazakhstan,2013,11851550
Kazakhstan,2014,12111869
Kazakhstan,2015,12133623
Kazakhstan,2016,11934783
Kazakhstan,2017,12094357
Kazakhstan,2018,11926817
Kazakhstan,2019,12143483
Kazakhstan,2020,8266042
Kenya,2010,12333414
Kenya,2011,12048407
Kenya,2012,12084811
Kenya,2013,11934245
Kenya,2014,11925016
Kenya,2015,12226264
Kenya,2016,12036155
Kenya,2017,12049054
Kenya,2018,12015739
Kenya,2019,11973398
Kenya,2020,8457595
Kiribati,2010,12076411
Kiribati,2011,12242009
Kiribati,2012,11923424
Kiribati,2013,11896291
Kiribati,2014,11855398
Kiribati,2015,11899622
Kiribati,2016,12328400
Kiribati,2017,11871021
Kiribati,2018,12313609
Kiribati,2019,11937785
Kiribati,2020,8277495
Kosovo,2010,12129380
Kosovo,2011,12151321
Kosovo,2012,11944569
Kosovo,2013,12159629
Kosovo,2014,12358928
Kosovo,2015,11972509
Kosovo,2016,12174666
Kosovo,2017,11979445
Kosovo,2018,12140173
Kosovo,2019,11855118
Kosovo,2020,8514335
Kuwait,2010,11997488
Kuwait,2011,11848749
Kuwait,2012,12109759
Kuwait,2013,11927592
Kuwait,2014,12251934
Kuwait,2015,12087807
Kuwait,2016,11913773
Kuwait,2017,11963032
Kuwait,2018,11767181
Kuwait,2019,12103927
Kuwait,2020,8382715
Kyrgyzstan,2010,12300124
Kyrgyzstan,2011,11979617
Kyrgyzstan,2012,12003417
Kyrgyzstan,2013,12011510
Kyrgyzstan,2014,11896001
Kyrgyzstan,2015,11887912
Kyrgyzstan,2016,12193663
Kyrgyzstan,2017,12019626
Kyrgyzstan,2018,12073394
Kyrgyzstan,2019,12164451
Kyrgyzstan,2020,8430198
Laos,2010,11942813
Laos,2011,12109059
Laos,2012,12091798
Laos,2013,12240213
Laos,2014,12284372
Laos,2015,11872786
Laos,2016,12326993
Laos,2017,12131098
Laos,2018,11955044
Laos,2019,12057471
Laos,2020,8383249
Latvia,2010,12185871
Latvia,2011,12084657
Latvia,2012,12034013
Latvia,2013,12084743
Latvia,2014,12211183
Latvia,2015,11933624
Latvia,2016,11812609
Latvia,2017,11970363
Latvia,2018,11831884
Latvia,2019,12284900
Latvia,2020,8339256
Lebanon,2010,12207995
Lebanon,2011,12084187
Lebanon,2012,12114427
Lebanon,2013,11876756
Lebanon,2014,11875731
Lebanon,2015,12235142
Lebanon,2016,12005680
Lebanon,2017,12097879
Lebanon,2018,12075999
Lebanon,2019,11992806
Lebanon,2020,8400739
Lesotho,2010,11966046
Lesotho,2011,12071152
Lesotho,2012,12074959
Lesotho,2013,12047275
Lesotho,2014,12083388
Lesotho,2015,12093342
Lesotho,2016,12142084
Lesotho,2017,11856804
Lesotho,2018,12198140
Lesotho,2019,12124900
Lesotho,2020,8520707
Liberia,2010,11987066
Liberia,2011,12275752
Liberia,2012,12106668
Liberia,2013,12023850
Liberia,2014,12015923
Liberia,2015,12286854
Liberia,2016,12215564
Liberia,2017,12214621
Liberia,2018,11935480
Liberia,2019,12164900
Liberia,2020,8399458
Libya,2010,11942532
Libya,2011,11757857
Libya,2012,12099615
Libya,2013,12164932
Libya,2014,11968753
Libya,2015,12186882
Libya,2016,12034949
Libya,2017,11890757
Libya,2018,11909858
Libya,2019,12068639
Libya,2020,8423968
Liechtenstein,2010,12243590
Liechtenstein,2011,11967028
Liechtenstein,2012,12135350
Liechtenstein,2013,12080507
Liechtenstein,2014,11927361
Liechtenstein,2015,12407675
Liechtenstein,2016,12187110
Liechtenstein,2017,12000028
Liechtenstein,2018,11853624
Liechtenstein,2019,11840867
Liechtenstein,2020,8282508
Lithuania,2010,12009519
Lithuania,2011,12111407
Lithuania,2012,11933316
Lithuania,2013,11927214
Lithuania,2014,11820982
Lithuania,2015,12017395
Lithuania,2016,12166320
Lithuania,2017,11743886
Lithuania,2018,12173446
Lithuania,2019,11923112
Lithuania,2020,8305169
Luxembourg,2010,11887522
Luxembourg,2011,12149487
Luxembourg,2012,11928871
Luxembourg,2013,12101814
Luxembourg,2014,11863963
Luxembourg,2015,11932899
Luxembourg,2016,12269128
Luxembourg,2017,12044547
Luxembourg,2018,12094168
Luxembourg,2019,12065345
Luxembourg,2020,8491355
Macedonia,2010,11962688
Macedonia,2011,12001058
Macedonia,2012,11983634
Macedonia,2013,11943176
Macedonia,2014,12226895
Macedonia,2015,11999667
Macedonia,2016,12103009
Macedonia,2017,12082123
Macedonia,2018,11974055
Macedonia,2019,12087017
Macedonia,2020,8475367
Madagascar,2010,12087548
Madagascar,2011,11987051
Madagascar,2012,12114861
Madagascar,2013,12061838
Madagascar,2014,11956000
Madagascar,2015,11913357
Madagascar,2016,11897050
Madagascar,2017,12278363
Madagascar,2018,12046764
Madagascar,2019,12135614
Madagascar,2020,8409960
Malawi,2010,12177375
Malawi,2011,12056679
Malawi,2012,12142076
Malawi,2013,12081289
Malawi,2014,12051305
Malawi,2015,11856376
Malawi,2016,12087695
Malawi,2017,12094986
Malawi,2018,12008290
Malawi,2019,11713071
Malawi,2020,8393433
Malaysia,2010,11979137
Malaysia,2011,11930106
Malaysia,2012,12114806
Malaysia,2013,11911344
Malaysia,2014,12090772
Malaysia,2015,12081081
Malaysia,2016,11778283
Malaysia,2017,12143422
Malaysia,2018,11961959
Malaysia,2019,12097123
Malaysia,2020,8463325
Maldives,2010,12295878
Maldives,2011,11990583
Maldives,2012,12231033
Maldives,2013,11883113
Maldives,2014,11947789
Maldives,2015,12076036
Maldives,2016,11921014
Maldives,2017,12216613
Maldives,2018,12163014
Maldives,2019,11957677
Maldives,2020,8310926
Mali,2010,11981225
Mali,2011,12046184
Mali,2012,12016673
Mali,2013,12100523
Mali,2014,12136657
Mali,2015,12188063
Mali,2016,11905353
Mali,2017,11974172
Mali,2018,12208783
Mali,2019,12044792
Mali,2020,8317368
Malta,2010,12198219
Malta,2011,11966328
Malta,2012,12203192
Malta,2013,11997933
Malta,2014,12034311
Malta,2015,11918347
Malta,2016,11900678
Malta,2017,12280661
Malta,2018,11834350
Malta,2019,11962463
Malta,2020,8309880
Marshall Islands,2010,11951795
Marshall Islands,2011,11962918
Marshall Islands,2012,12186364
Marshall Islands,2013,11960648
Marshall Islands,2014,12203501
Marshall Islands,2015,11967389
Marshall Islands,2016,12024647
Marshall Islands,2017,12050213
Marshall Islands,2018,11892692
Marshall Islands,2019,12160766
Marshall Islands,2020,8462745
Mauritania,2010,12110534
Mauritania,2011,12165411
Mauritania,2012,11968111
Mauritania,2013,12017700
Mauritania,2014,12041079
Mauritania,2015,12052739
Mauritania,2016,12170970
Mauritania,2017,11857825
Mauritania,2018,12152299
Mauritania,2019,12015095
Mauritania,2020,8278872
Mauritius ,2010,11850303
Mauritius ,2011,11981119
Mauritius ,2012,12187959
Mauritius ,2013,12001903
Mauritius ,2014,12004960
Mauritius ,2015,12023366
Mauritius ,2016,12140125
Mauritius ,2017,12043681
Mauritius ,2018,12105376
Mauritius ,2019,12141795
Mauritius ,2020,8472676
Mexico,2010,11891415
Mexico,2011,12254774
Mexico,2012,11966976
Mexico,2013,12082094
Mexico,2014,12124595
Mexico,2015,11988358
Mexico,2016,12106004
Mexico,2017,12283146
Mexico,2018,11974855
Mexico,2019,12059749
Mexico,2020,8261994
Moldova ,2010,11972283
Moldova ,2011,12081925
Moldova ,2012,12143438
Moldova ,2013,12152881
Moldova ,2014,11912383
Moldova ,2015,12063307
Moldova ,2016,11898633
Moldova ,2017,12029764
Moldova ,2018,12201515
Moldova ,2019,11994240
Moldova ,2020,8283164
Monaco,2010,12159022
Monaco,2011,12176870
Monaco,2012,11944214
Monaco,2013,12037363
Monaco,2014,11938515
Monaco,2015,12158186
Monaco,2016,12249186
Monaco,2017,11965381
Monaco,2018,12144749
Monaco,2019,12015052
Monaco,2020,8265809
Mongolia,2010,12110321
Mongolia,2011,12045181
Mongolia,2012,11841992
Mongolia,2013,12138658
Mongolia,2014,12102509
Mongolia,2015,12001713
Mongolia,2016,11967655
Mongolia,2017,11973567
Mongolia,2018,12087175
Mongolia,2019,12015954
Mongolia,2020,8440409
Montenegro,2010,11772174
Montenegro,2011,11974257
Montenegro,2012,12087780
Montenegro,2013,11947073
Montenegro,2014,12089602
Montenegro,2015,11973302
Montenegro,2016,12172395
Montenegro,2017,11977313
Montenegro,2018,12024424
Montenegro,2019,12142004
Montenegro,2020,8412714
Morocco,2010,11877076
Morocco,2011,11990160
Morocco,2012,11838089
Morocco,2013,11940135
Morocco,2014,12149595
Morocco,2015,12039615
Morocco,2016,12127888
Morocco,2017,12017923
Morocco,2018,11908924
Morocco,2019,12023340
Morocco,2020,8398646
Mozambique,2010,11947268
Mozambique,2011,11789727
Mozambique,2012,12319395
Mozambique,2013,11941551
Mozambique,2014,12048816
Mozambique,2015,11945099
Mozambique,2016,11907641
Mozambique,2017,12125599
Mozambique,2018,11973812
Mozambique,2019,12093939
Mozambique,2020,8469520
Myanmar,2010,11955146
Myanmar,2011,12173605
Myanmar,2012,11929500
Myanmar,2013,12056704
Myanmar,2014,11826497
Myanmar,2015,12081894
Myanmar,2016,12303039
Myanmar,2017,12036206
Myanmar,2018,11999495
Myanmar,2019,12086835
Myanmar,2020,8341114
Namibia,2010,12159856
Namibia,2011,11817246
Namibia,2012,12174655
Namibia,2013,12108825
Namibia,2014,11876043
Namibia,2015,12073250
Namibia,2016,12099067
Namibia,2017,12029630
Namibia,2018,12118019
Namibia,2019,12077552
Namibia,2020,8406394
Nauru,2010,12099775
Nauru,2011,11898182
Nauru,2012,12030351
Nauru,2013,12096672
Nauru,2014,11914066
Nauru,2015,12132321
Nauru,2016,11897349
Nauru,2017,12263948
Nauru,2018,12166709
Nauru,2019,11971144
Nauru,2020,8457876
Nepal,2010,12030323
Nepal,2011,11996153
Nepal,2012,12120782
Nepal,2013,11883381
Nepal,2014,12160495
Nepal,2015,11903544
Nepal,2016,11972052
Nepal,2017,12101399
Nepal,2018,12023199
Nepal,2019,12026086
Nepal,2020,8316964
Netherlands,2010,11990569
Netherlands,2011,11817606
Netherlands,2012,12061968
Netherlands,2013,12031947
Netherlands,2014,11940028
Netherlands,2015,11775224
Netherlands,2016,12105601
Netherlands,2017,12081037
Netherlands,2018,12025808
Netherlands,2019,12035606
Netherlands,2020,8346932
New Zealand,2010,11960715
New Zealand,2011,12029929
New Zealand,2012,12032223
New Zealand,2013,12013888
New Zealand,2014,12030831
New Zealand,2015,12139901
New Zealand,2016,12158067
New Zealand,2017,11863257
New Zealand,2018,12223867
New Zealand,2019,12006391
New Zealand,2020,8280550
Nicaragua,2010,12090344
Nicaragua,2011,11936939
Nicaragua,2012,12117966
Nicaragua,2013,12025595
Nicaragua,2014,11977525
Nicaragua,2015,12104025
Nicaragua,2016,11839705
Nicaragua,2017,11909226
Nicaragua,2018,12221358
Nicaragua,2019,11947830
Nicaragua,2020,8306127
Niger,2010,12114075
Niger,2011,12115164
Niger,2012,11837060
Niger,2013,12080224
Niger,2014,11989212
Niger,2015,11936700
Niger,2016,12219615
Niger,2017,11971294
Niger,2018,12023304
Niger,2019,12047515
Niger,2020,8487215
Nigeria,2010,12042478
Nigeria,2011,12274337
Nigeria,2012,12039378
Nigeria,2013,11941262
Nigeria,2014,12157713
Nigeria,2015,11933369
Nigeria,2016,11978393
Nigeria,2017,12112625
Nigeria,2018,11942542
Nigeria,2019,12083997
Nigeria,2020,8391192
North Korea,2010,11877591
North Korea,2011,11915444
North Korea,2012,12132687
North Korea,2013,12080137
North Korea,2014,12150804
North Korea,2015,11947981
North Korea,2016,11796726
North Korea,2017,12059998
North Korea,2018,12219031
North Korea,2019,12062114
North Korea,2020,8500108
Norway,2010,12181647
Norway,2011,11770852
Norway,2012,11851991
Norway,2013,11968507
Norway,2014,11834561
Norway,2015,12031693
Norway,2016,11930700
Norway,2017,12276090
Norway,2018,12169484
Norway,2019,11890088
Norway,2020,8569001
Oman,2010,11954219
Oman,2011,12108237
Oman,2012,11965814
Oman,2013,12039978
Oman,2014,12233327
Oman,2015,11880401
Oman,2016,12057810
Oman,2017,12194126
Oman,2018,11950589
Oman,2019,12130814
Oman,2020,8268010
Pakistan,2010,12243810
Pakistan,2011,11868923
Pakistan,2012,12449795
Pakistan,2013,11885648
Pakistan,2014,11939849
Pakistan,2015,12172284
Pakistan,2016,12119141
Pakistan,2017,12075286
Pakistan,2018,11906363
Pakistan,2019,12091373
Pakistan,2020,8208136
Palau,2010,11743746
Palau,2011,12159264
Palau,2012,12215339
Palau,2013,12003134
Palau,2014,12134190
Palau,2015,11890114
Palau,2016,12104384
Palau,2017,11908910
Palau,2018,12144419
Palau,2019,12231351
Palau,2020,8388870
Panama,2010,12036488
Panama,2011,12106571
Panama,2012,11907271
Panama,2013,12201335
Panama,2014,12031144
Panama,2015,12297164
Panama,2016,11977637
Panama,2017,11789225
Panama,2018,12291206
Panama,2019,12048038
Panama,2020,8262333
Papua New Guinea,2010,11966637
Papua New Guinea,2011,12048434
Papua New Guinea,2012,12237155
Papua New Guinea,2013,12030471
Papua New Guinea,2014,12178562
Papua New Guinea,2015,12090823
Papua New Guinea,2016,11922153
Papua New Guinea,2017,12027200
Papua New Guinea,2018,11780240
Papua New Guinea,2019,12281241
Papua New Guinea,2020,8276566
Philippines,2010,12190517
Philippines,2011,12016926
Philippines,2012,12109037
Philippines,2013,12074189
Philippines,2014,12066494
Philippines,2015,12227925
Philippines,2016,11968102
Philippines,2017,12307255
Philippines,2018,12145351
Philippines,2019,11944357
Philippines,2020,8385839
Poland,2010,12139475
Poland,2011,12082862
Poland,2012,12009461
Poland,2013,12166179
Poland,2014,11901095
Poland,2015,12112288
Poland,2016,11957291
Poland,2017,11772437
Poland,2018,12196171
Poland,2019,12014735
Poland,2020,8351428
Portugal,2010,12142901
Portugal,2011,11927430
Portugal,2012,12109883
Portugal,2013,11841066
Portugal,2014,11989447
Portugal,2015,12001467
Portugal,2016,12051149
Portugal,2017,11805562
Portugal,2018,12144116
Portugal,2019,12087057
Portugal,2020,8399742
Qatar,2010,12123116
Qatar,2011,12030176
Qatar,2012,11979751
Qatar,2013,11994112
Qatar,2014,11945588
Qatar,2015,12059026
Qatar,2016,11964440
Qatar,2017,11900681
Qatar,2018,12040603
Qatar,2019,12065461
Qatar,2020,8411260
Republic of the Congo,2010,12010716
Republic of the Congo,2011,11990826
Republic of the Congo,2012,11849025
Republic of the Congo,2013,12062359
Republic of the Congo,2014,11994789
Republic of the Congo,2015,12073109
Republic of the Congo,2016,12175102
Republic of the Congo,2017,11877115
Republic of the Congo,2018,12074160
Republic of the Congo,2019,11914904
Republic of the Congo,2020,8329125
Romania,2010,11930879
Romania,2011,12148935
Romania,2012,12124877
Romania,2013,12008868
Romania,2014,12284045
Romania,2015,12061600
Romania,2016,12228098
Romania,2017,12031849
Romania,2018,12065497
Romania,2019,12065548
Romania,2020,8316407
Russia,2010,12047385
Russia,2011,12033817
Russia,2012,12211745
Russia,2013,12038006
Russia,2014,12124239
Russia,2015,12188986
Russia,2016,12089561
Russia,2017,12088718
Russia,2018,11713766
Russia,2019,12102497
Russia,2020,8306964
Rwanda,2010,11854614
Rwanda,2011,12266515
Rwanda,2012,12253916
Rwanda,2013,11984446
Rwanda,2014,12164074
Rwanda,2015,12054739
Rwanda,2016,12099522
Rwanda,2017,12000859
Rwanda,2018,12119010
Rwanda,2019,12214734
Rwanda,2020,8433553
Saint Kitts and Nevis ,2010,11892455
Saint Kitts and Nevis ,2011,12084272
Saint Kitts and Nevis ,2012,12118456
Saint Kitts and Nevis ,2013,11960382
Saint Kitts and Nevis ,2014,12227653
Saint Kitts and Nevis ,2015,12010886
Saint Kitts and Nevis ,2016,12097429
Saint Kitts and Nevis ,2017,11873508
Saint Kitts and Nevis ,2018,12171820
Saint Kitts and Nevis ,2019,12168600
Saint Kitts and Nevis ,2020,8256340
Saint Lucia,2010,11822619
Saint Lucia,2011,12001361
Saint Lucia,2012,12172243
Saint Lucia,2013,11794390
Saint Lucia,2014,12077035
Saint Lucia,2015,11970545
Saint Lucia,2016,12029756
Saint Lucia,2017,12019754
Saint Lucia,2018,11875181
Saint Lucia,2019,11916066
Saint Lucia,2020,8487012
Saint Vincent and the Grenadines,2010,12099029
Saint Vincent and the Grenadines,2011,11761153
Saint Vincent and the Grenadines,2012,12261699
Saint Vincent and the Grenadines,2013,12154070
Saint Vincent and the Grenadines,2014,11954426
Saint Vincent and the Grenadines,2015,11932788
Saint Vincent and the Grenadines,2016,11962498
Saint Vincent and the Grenadines,2017,12064513
Saint Vincent and the Grenadines,2018,11878271
Saint Vincent and the Grenadines,2019,11953885
Saint Vincent and the Grenadines,2020,8523023
Samoa ,2010,11986873
Samoa ,2011,11951762
Samoa ,2012,12061520
Samoa ,2013,12164677
Samoa ,2014,12072060
Samoa ,2015,12219320
Samoa ,2016,11899258
Samoa ,2017,12112435
Samoa ,2018,11916354
Samoa ,2019,11933129
Samoa ,2020,8435926
San Marino,2010,12053222
San Marino,2011,12028259
San Marino,2012,11974296
San Marino,2013,12087198
San Marino,2014,12060721
San Marino,2015,11987497
San Marino,2016,11959287
San Marino,2017,12124724
San Marino,2018,12106694
San Marino,2019,11927994
San Marino,2020,8258443
Sao Tome and Principe,2010,12068460
Sao Tome and Principe,2011,12070463
Sao Tome and Principe,2012,12070277
Sao Tome and Principe,2013,12103106
Sao Tome and Principe,2014,12129017
Sao Tome and Principe,2015,12087904
Sao Tome and Principe,2016,11915424
Sao Tome and Principe,2017,12013750
Sao Tome and Principe,2018,11981455
Sao Tome and Principe,2019,12052064
Sao Tome and Principe,2020,8548945
Saudi Arabia,2010,11912438
Saudi Arabia,2011,12206684
Saudi Arabia,2012,11905994
Saudi Arabia,2013,12176092
Saudi Arabia,2014,11859379
Saudi Arabia,2015,11983491
Saudi Arabia,2016,12183958
Saudi Arabia,2017,12298018
Saudi Arabia,2018,11998939
Saudi Arabia,2019,11953811
Saudi Arabia,2020,8356936
Senegal,2010,12214483
Senegal,2011,12056264
Senegal,2012,11978572
Senegal,2013,12208026
Senegal,2014,11987934
Senegal,2015,11999561
Senegal,2016,12063162
Senegal,2017,12036564
Senegal,2018,12018892
Senegal,2019,11965834
Senegal,2020,8383182
Serbia,2010,12092418
Serbia,2011,12154231
Serbia,2012,11850352
Serbia,2013,12172536
Serbia,2014,11901114
Serbia,2015,12176238
Serbia,2016,12084898
Serbia,2017,11857777
Serbia,2018,12137471
Serbia,2019,11956868
Serbia,2020,8185579
Seychelles ,2010,11998592
Seychelles ,2011,12128066
Seychelles ,2012,11835939
Seychelles ,2013,12224808
Seychelles ,2014,12090799
Seychelles ,2015,11827376
Seychelles ,2016,12160216
Seychelles ,2017,11924757
Seychelles ,2018,11949004
Seychelles ,2019,12206164
Seychelles ,2020,8509798
Sierra Leone,2010,11908627
Sierra Leone,2011,12054734
Sierra Leone,2012,11984760
Sierra Leone,2013,12073927
Sierra Leone,2014,12081020
Sierra Leone,2015,12087572
Sierra Leone,2016,12151530
Sierra Leone,2017,11880638
Sierra Leone,2018,12017842
Sierra Leone,2019,12143133
Sierra Leone,2020,8420188
Singapore,2010,12296931
Singapore,2011,11946600
Singapore,2012,11976331
Singapore,2013,12022681
Singapore,2014,12106828
Singapore,2015,12135847
Singapore,2016,12037541
Singapore,2017,12095529
Singapore,2018,12021134
Singapore,2019,11728076
Singapore,2020,8437329
Slovakia,2010,11852768
Slovakia,2011,12120607
Slovakia,2012,12059008
Slovakia,2013,12172462
Slovakia,2014,11918387
Slovakia,2015,11879317
Slovakia,2016,12135126
Slovakia,2017,11921164
Slovakia,2018,11922702
Slovakia,2019,12060502
Slovakia,2020,8265372
Slovenia,2010,11887417
Slovenia,2011,11951157
Slovenia,2012,12003315
Slovenia,2013,11874958
Slovenia,2014,12357824
Slovenia,2015,12084847
Slovenia,2016,12104981
Slovenia,2017,11836013
Slovenia,2018,12033083
Slovenia,2019,12208264
Slovenia,2020,8426827
Solomon Islands,2010,12235210
Solomon Islands,2011,12118275
Solomon Islands,2012,11929244
Solomon Islands,2013,12048401
Solomon Islands,2014,11861587
Solomon Islands,2015,12095445
Solomon Islands,2016,11965616
Solomon Islands,2017,11871541
Solomon Islands,2018,12148250
Solomon Islands,2019,11887507
Solomon Islands,2020,8352200
Somalia,2010,11824029
Somalia,2011,11894645
Somalia,2012,12135827
Somalia,2013,11905306
Somalia,2014,12422161
Somalia,2015,11769690
Somalia,2016,12219767
Somalia,2017,11997104
Somalia,2018,11834027
Somalia,2019,11969926
Somalia,2020,8420025
South Africa,2010,12110023
South Africa,2011,11912284
South Africa,2012,12126475
South Africa,2013,11688794
South Africa,2014,12009440
South Africa,2015,12144572
South Africa,2016,11968085
South Africa,2017,12054164
South Africa,2018,11931851
South Africa,2019,12114168
South Africa,2020,8532478
South Korea,2010,11817458
South Korea,2011,12122961
South Korea,2012,12044938
South Korea,2013,12036011
South Korea,2014,11817832
South Korea,2015,12254146
South Korea,2016,12182724
South Korea,2017,12019063
South Korea,2018,11965977
South Korea,2019,12043162
South Korea,2020,8531184
South Sudan,2010,11942548
South Sudan,2011,12155284
South Sudan,2012,12252120
South Sudan,2013,11971294
South Sudan,2014,11794420
South Sudan,2015,12300324
South Sudan,2016,11941463
South Sudan,2017,11880163
South Sudan,2018,12111697
South Sudan,2019,11894588
South Sudan,2020,8404942
Spain,2010,12076016
Spain,2011,11901382
Spain,2012,12279315
Spain,2013,12026141
Spain,2014,11885687
Spain,2015,12154697
Spain,2016,11984838
Spain,2017,12255920
Spain,2018,11867132
Spain,2019,12163230
Spain,2020,8478440
Sri Lanka,2010,11951127
Sri Lanka,2011,12149707
Sri Lanka,2012,12215441
Sri Lanka,2013,12259779
Sri Lanka,2014,11970574
Sri Lanka,2015,11901006
Sri Lanka,2016,12162027
Sri Lanka,2017,11860335
Sri Lanka,2018,12005305
Sri Lanka,2019,11857871
Sri Lanka,2020,8144276
Sudan,2010,11959860
Sudan,2011,12083221
Sudan,2012,11827456
Sudan,2013,11984289
Sudan,2014,11861454
Sudan,2015,12039414
Sudan,2016,12017368
Sudan,2017,12025274
Sudan,2018,12062447
Sudan,2019,11931468
Sudan,2020,8298592
Swaziland,2010,11872526
Swaziland,2011,12054648
Swaziland,2012,11927638
Swaziland,2013,12029906
Swaziland,2014,11907881
Swaziland,2015,12106578
Swaziland,2016,12133944
Swaziland,2017,11881416
Swaziland,2018,12203325
Swaziland,2019,11885965
Swaziland,2020,8330743
Sweden,2010,12266414
Sweden,2011,12064741
Sweden,2012,12068542
Sweden,2013,11911805
Sweden,2014,11903990
Sweden,2015,12169852
Sweden,2016,12081968
Sweden,2017,11986415
Sweden,2018,12080413
Sweden,2019,11948327
Sweden,2020,8467392
Switzerland,2010,11815126
Switzerland,2011,12279811
Switzerland,2012,11887448
Switzerland,2013,12133846
Switzerland,2014,11993270
Switzerland,2015,11975859
Switzerland,2016,12087289
Switzerland,2017,12065322
Switzerland,2018,12255531
Switzerland,2019,12054271
Switzerland,2020,8267911
Syria,2010,12157457
Syria,2011,12112570
Syria,2012,12141280
Syria,2013,11949181
Syria,2014,12239196
Syria,2015,11933585
Syria,2016,12164392
Syria,2017,12242882
Syria,2018,11956142
Syria,2019,12056753
Syria,2020,8399460
Taiwan,2010,11925074
Taiwan,2011,12155639
Taiwan,2012,11999779
Taiwan,2013,12101728
Taiwan,2014,11990370
Taiwan,2015,12115620
Taiwan,2016,12351656
Taiwan,2017,11830600
Taiwan,2018,11906081
Taiwan,2019,12193047
Taiwan,2020,8585769
Tajikistan,2010,12136920
Tajikistan,2011,11960642
Tajikistan,2012,12104442
Tajikistan,2013,11991416
Tajikistan,2014,12084084
Tajikistan,2015,11985038
Tajikistan,2016,12087684
Tajikistan,2017,12106772
Tajikistan,2018,11720728
Tajikistan,2019,12061192
Tajikistan,2020,8414123
Tanzania,2010,12013809
Tanzania,2011,12140520
Tanzania,2012,11848832
Tanzania,2013,12068460
Tanzania,2014,12201294
Tanzania,2015,12201324
Tanzania,2016,11834979
Tanzania,2017,12082584
Tanzania,2018,11918716
Tanzania,2019,12115627
Tanzania,2020,8241820
Thailand,2010,12143092
Thailand,2011,12202714
Thailand,2012,11966266
Thailand,2013,12107710
Thailand,2014,11989242
Thailand,2015,12145078
Thailand,2016,11999073
Thailand,2017,11978613
Thailand,2018,11857438
Thailand,2019,11983961
Thailand,2020,8345668
The Bahamas,2010,12100637
The Bahamas,2011,12239050
The Bahamas,2012,11813883
The Bahamas,2013,12041147
The Bahamas,2014,11817720
The Bahamas,2015,12004413
The Bahamas,2016,12100713
The Bahamas,2017,11988920
The Bahamas,2018,11970449
The Bahamas,2019,12068845
The Bahamas,2020,8418740
The Gambia,2010,12070032
The Gambia,2011,12014583
The Gambia,2012,11906703
The Gambia,2013,12032694
The Gambia,2014,12143005
The Gambia,2015,12020789
The Gambia,2016,11987468
The Gambia,2017,11833514
The Gambia,2018,12020316
The Gambia,2019,12061215
The Gambia,2020,8496710
Togo,2010,11812524
Togo,2011,11958471
Togo,2012,12247237
Togo,2013,12122713
Togo,2014,11993956
Togo,2015,11895339
Togo,2016,11936388
Togo,2017,11985948
Togo,2018,12101842
Togo,2019,12009553
Togo,2020,8301820
Tonga,2010,11997072
Tonga,2011,11995948
Tonga,2012,12024067
Tonga,2013,12309357
Tonga,2014,12049190
Tonga,2015,11979675
Tonga,2016,12187729
Tonga,2017,11988676
Tonga,2018,12126581
Tonga,2019,12281465
Tonga,2020,8244387
Trinidad and Tobago,2010,12117149
Trinidad and Tobago,2011,12075263
Trinidad and Tobago,2012,11921175
Trinidad and Tobago,2013,12195526
Trinidad and Tobago,2014,12003370
Trinidad and Tobago,2015,12005817
Trinidad and Tobago,2016,12147709
Trinidad and Tobago,2017,12204259
Trinidad and Tobago,2018,12181961
Trinidad and Tobago,2019,11850454
Trinidad and Tobago,2020,8319538
Tunisia ,2010,11900569
Tunisia ,2011,12008712
Tunisia ,2012,12118892
Tunisia ,2013,11946361
Tunisia ,2014,12031219
Tunisia ,2015,12048235
Tunisia ,2016,11851368
Tunisia ,2017,12071798
Tunisia ,2018,11989405
Tunisia ,2019,12191945
Tunisia ,2020,8212991
Turkey,2010,12313406
Turkey,2011,12135625
Turkey,2012,12204050
Turkey,2013,12063762
Turkey,2014,12011726
Turkey,2015,12163246
Turkey,2016,12214383
Turkey,2017,11850011
Turkey,2018,12087860
Turkey,2019,11885529
Turkey,2020,8338940
Turkmenistan,2010,12129257
Turkmenistan,2011,12055719
Turkmenistan,2012,12047748
Turkmenistan,2013,12193475
Turkmenistan,2014,11791429
Turkmenistan,2015,12094156
Turkmenistan,2016,11830343
Turkmenistan,2017,12026661
Turkmenistan,2018,12113447
Turkmenistan,2019,12025414
Turkmenistan,2020,8190674
Tuvalu,2010,11984089
Tuvalu,2011,12083845
Tuvalu,2012,12139144
Tuvalu,2013,11862213
Tuvalu,2014,12242323
Tuvalu,2015,11895029
Tuvalu,2016,12353607
Tuvalu,2017,12181105
Tuvalu,2018,11750822
Tuvalu,2019,12096812
Tuvalu,2020,8307673
Uganda,2010,12037633
Uganda,2011,12049474
Uganda,2012,12100501
Uganda,2013,12064315
Uganda,2014,11932962
Uganda,2015,12296246
Uganda,2016,11984590
Uganda,2017,11916359
Uganda,2018,12022566
Uganda,2019,12069176
Uganda,2020,8284992
Ukraine,2010,12010335
Ukraine,2011,12151589
Ukraine,2012,11823744
Ukraine,2013,11913904
Ukraine,2014,12026165
Ukraine,2015,11971305
Ukraine,2016,11948534
Ukraine,2017,12110498
Ukraine,2018,12075055
Ukraine,2019,12024622
Ukraine,2020,8278764
United Arab Emirates,2010,11911696
United Arab Emirates,2011,12131033
United Arab Emirates,2012,12091076
United Arab Emirates,2013,12126269
United Arab Emirates,2014,12026521
United Arab Emirates,2015,12015106
United Arab Emirates,2016,12060293
United Arab Emirates,2017,11936161
United Arab Emirates,2018,12118098
United Arab Emirates,2019,12052542
United Arab Emirates,2020,8291609
United Kingdom,2010,12106780
United Kingdom,2011,12126225
United Kingdom,2012,12089472
United Kingdom,2013,11776636
United Kingdom,2014,11956296
United Kingdom,2015,11969062
United Kingdom,2016,12124999
United Kingdom,2017,12142826
United Kingdom,2018,12136783
United Kingdom,2019,12065268
United Kingdom,2020,8382768
United States of America,2010,12232308
United States of America,2011,11946405
United States of America,2012,12176469
United States of America,2013,11858398
United States of America,2014,12155615
United States of America,2015,12050017
United States of America,2016,11961864
United States of America,2017,12229295
United States of America,2018,12018003
United States of America,2019,12017433
United States of America,2020,8297810
Uzbekistan,2010,12054416
Uzbekistan,2011,12005669
Uzbekistan,2012,12071286
Uzbekistan,2013,11797129
Uzbekistan,2014,12018229
Uzbekistan,2015,12063779
Uzbekistan,2016,12096506
Uzbekistan,2017,11946780
Uzbekistan,2018,11942824
Uzbekistan,2019,12011780
Uzbekistan,2020,8490364
Vanuatu,2010,11850831
Vanuatu,2011,11843474
Vanuatu,2012,12157293
Vanuatu,2013,12002789
Vanuatu,2014,12072905
Vanuatu,2015,11898370
Vanuatu,2016,11992926
Vanuatu,2017,12291337
Vanuatu,2018,12165137
Vanuatu,2019,12144489
Vanuatu,2020,8321179
Vatican City,2010,11919204
Vatican City,2011,11878701
Vatican City,2012,12142580
Vatican City,2013,12051846
Vatican City,2014,11722825
Vatican City,2015,12145682
Vatican City,2016,11975021
Vatican City,2017,11890225
Vatican City,2018,12094757
Vatican City,2019,11756803
Vatican City,2020,8419969
Vietnam,2010,11774011
Vietnam,2011,12199758
Vietnam,2012,12179955
Vietnam,2013,12013024
Vietnam,2014,12028370
Vietnam,2015,12006897
Vietnam,2016,11941894
Vietnam,2017,12011378
Vietnam,2018,11914613
Vietnam,2019,12019592
Vietnam,2020,8394211
Yemen,2010,12033925
Yemen,2011,12106450
Yemen,2012,12197569
Yemen,2013,11857793
Yemen,2014,12080493
Yemen,2015,11716814
Yemen,2016,12023804
Yemen,2017,11839534
Yemen,2018,11849859
Yemen,2019,12193283
Yemen,2020,8376589
Zambia,2010,11964005
Zambia,2011,12100544
Zambia,2012,12076190
Zambia,2013,12040803
Zambia,2014,11826205
Zambia,2015,12150363
Zambia,2016,12195930
Zambia,2017,12058260
Zambia,2018,12078937
Zambia,2019,12045698
Zambia,2020,8430322
Zimbabwe,2010,12063070
Zimbabwe,2011,11955464
Zimbabwe,2012,12007640
Zimbabwe,2013,11929446
Zimbabwe,2014,12099757
Zimbabwe,2015,11801612
Zimbabwe,2016,12090527
Zimbabwe,2017,12092555
Zimbabwe,2018,11896118
Zimbabwe,2019,12222814
Zimbabwe,2020,8445411
